"geneID","ERR978118","ERR978120","ERR978121","ERR978193","ERR978107","ERR978112","ERR978184","ERR978185","ERR978186","ERR978187","ERR978191","ERR978194","ERR978116","ERR978117","ERR978119","ERR978195"
"AC026348.1",2.33009989695168,1.53052913951999,0.984798988830826,3.46858807882924,2.10348229689769,2.5887116984893,4.29009340387027,3.96723200666831,4.35689250281749,4.35827505275046,2.88580406692025,3.4825541496838,1.19634712664658,0.641439868355366,2.02424126322304,3.66140728724037
"ACE2",4.43359276017945,4.80860850897056,4.92538263918209,8.60257236954175,4.672743767681,4.34570256420291,8.55384652777358,8.29235832153064,8.37881395279759,8.39312815388675,8.76197624380594,8.69969137339515,4.84056391126677,4.4113817356785,4.97225200302366,8.71051384398967
"ACKR4",-0.503612912856019,0.216752009278573,-0.489470512077475,3.69224444880556,1.49474529556266,1.25686717188526,2.66764775602071,2.6595167951063,1.82014465278616,2.84735880589549,2.64567276939046,2.90540928166587,-2.56287786536816,-2.57081844268086,-2.57659053103893,3.31454311884297
"ACTBP1",2.04830736456957,2.17133768292088,0.879050726770854,-0.83117696101785,1.80727485583634,2.49004693768591,-0.212100464556349,0.262073209135456,0.263122777093042,-0.921709790690795,-0.0998949214078717,0.388722830996806,1.51214585739985,1.50158698070502,1.8019076945407,-2.39603517995914
"ADAMTSL4",6.58028558511721,6.36275663726985,6.78936257690319,4.24554656658865,4.89000220841711,4.62477876081307,3.49347492903396,3.84722880832454,3.66916849137471,3.87138239503917,4.71692588609378,4.44699734808455,6.58374536096305,6.89096088108612,6.65271956512381,3.95431096796035
"ADGRG7",0.142080751801729,-0.864926764737816,2.18112723795854,5.38807986166605,1.02572769860523,1.2612376971686,4.78229608500156,4.02151295042504,4.37968955985219,4.62697919930904,5.39024222342044,5.43729259469599,1.69466018471883,0.390212780378593,1.60402397420432,5.48091271213167
"ADK",4.21884916490948,4.24655704926531,3.18410944375051,1.61978060710173,4.04305693460089,3.96068945561785,-2.54883136179221,0.964467129893622,2.89781652087922,1.73532417027192,2.98665193011912,2.77850251266809,3.58278187942607,4.46087465143966,3.3414334913637,3.42614882199461
"ADRA2A",-1.01353148529645,-0.267362159579978,0.869768594862753,3.75557337552676,-1.00500976220464,0.245717915708238,3.13067163131756,3.55586477382924,3.71721949440692,3.51221113308031,3.71630482473205,3.79934890060475,-2.56287786536816,-2.57081844268086,-1.00852267576909,3.50461274738706
"AGMO",1.91377787165748,0.371833807984072,0.377791236174869,2.96218686859653,-1.15244362597431,1.95665625536168,3.63774955979543,3.70186761148449,4.24061987379672,3.20857161718408,3.30466979717462,3.19173311644898,-2.56287786536816,-2.57081844268086,-0.995367223522449,3.28552194088301
"AGR3",2.56723641612668,2.501311070746,2.62014259697757,3.7943169361298,3.08190728974242,2.01982154084039,5.32190025191808,5.32117057405841,5.52398234756071,4.979593930524,4.17653847863639,3.82526461045166,2.33519420024503,2.98481870693603,2.34659086210305,3.94253744799346
"AKAP12",7.37297621380276,7.30414526947198,7.39629269842723,6.43929390038363,6.97603075184936,7.04634542324356,4.17928373223328,4.33049548633989,4.39101863648851,4.37299263867736,6.10094478599051,6.19956092172426,7.28864172294448,7.37723507891613,7.44016206539548,6.18893735884349
"AKR1C3",3.4617332245031,3.88293170055852,3.48816183219506,6.30630507960727,2.62251407769923,2.7708642729442,5.23247249206768,5.32301321867484,5.5382248030659,5.02426502409453,6.4734786612354,6.40754900936408,3.1688375561088,3.42401079602761,2.90397584512314,6.33531253341621
"ALDH1A1",-1.22279640819223,-0.523093658791532,1.54487628322737,4.68123825449741,-0.525617050280946,0.931774898845462,4.9196102359707,5.13615768107683,5.01575063641515,4.61441300047723,4.53410691901263,4.12705004789675,-1.20126987787403,0.623573650053345,-0.530588753326579,4.8500988121217
"ALPI",0.0967784411357213,-2.57102922439175,-0.573628850957798,3.46493937823645,0.664894004835872,-2.55153433680654,2.96202008123428,2.55830829427741,2.00587983313871,2.06013694894731,2.42820383058497,2.19047051347518,-1.23968054849407,-2.57081844268086,0.362661466874055,2.17968072733733
"ALPPL2",3.35060879001961,3.57391658925492,3.17893245461993,5.46420010169603,1.44617322472155,1.66929209179115,4.39439544241104,4.6188723953142,4.57224589991568,3.92006587993607,5.52415282392618,5.59267894457778,2.97896471058706,3.82283828363791,3.01501780776806,5.33522887331874
"AMN",1.05615946651482,0.866672080679078,0.84389774528437,4.08259440131411,1.77234406524864,0.871298716848432,2.39657710258296,3.20967244971644,1.86092169560642,2.84137715501985,3.50645600948005,2.59715080125329,1.078866690618,-1.17088769633699,-1.17803874665163,2.95170166034178
"ANG",3.00634321505939,3.49670946667191,3.33691089191292,5.18599569309133,3.58724348807013,3.83605165019279,5.97844449500329,5.88261012378164,6.07215106822085,5.88916398833128,5.05018076369801,5.3817763213587,3.02054885239637,3.17899045077675,3.30269934715199,4.88136503362887
"ANKFN1",0.187958540651321,1.10171382750356,0.697277740195882,3.00314702137172,1.23187671642538,0.606782369353179,2.28420287577856,3.85147132026247,3.62232598377234,2.34326369217017,3.37177014620481,2.14885682698032,0.0380630623570714,-0.342595969536976,-1.62221784102471,3.07830012012622
"ANKRD1",5.11444269972871,5.25795823405038,5.02063457080726,1.4279418487662,4.95363758278112,5.1428817292493,0.627507341436327,1.35395134104189,-0.228343501219481,-0.188981487865819,-0.838475547261274,0.381857562858931,5.14847030078064,5.15429742925344,5.17290496615164,0.385134268339836
"ANKS4B",1.57879361928278,1.04206456972899,1.17597558522938,4.70967925339671,-0.22859538439737,-0.273146397068176,3.47046617821716,3.88226091078895,3.70189512551905,3.2845436142346,4.63728788814376,4.5521237686363,0.678364152366166,1.21458385468184,-0.427296441784692,4.80871447639147
"ANXA4",8.71577249368325,8.58068554791084,8.78773887298005,10.740612285641,8.15480878545984,7.98459149867974,10.7588078030139,10.7375111049886,10.8311173171582,10.7990377998125,10.7132126792303,10.6940972369659,8.62347197045657,8.7011863634363,8.52078999888329,10.6589391121492
"ANXA8",5.63134294473215,5.89103054372079,5.57146595989237,4.10329778052947,5.65766674538582,5.41820815506143,3.34543044229145,3.60742410352177,3.7501218955266,3.04439327640074,3.95034051979444,3.36081510090495,5.81183851139094,5.61911084341265,5.29555256792285,3.67600704843314
"ANXA8L1",2.99943608611209,2.48292231923452,3.2474168095184,-2.4023610290284,3.41311444776197,1.68703530554659,-2.54883136179221,1.80486172960497,1.1898330412598,1.94217866698271,-2.4027683638315,0.973363870613929,1.8483590418156,2.90581385153117,3.41635638212222,1.85116357972839
"APOBEC1",4.11882112721868,3.81669377247762,3.46634794289518,5.85209455867255,1.96484142539772,2.04257122911067,5.70679042827618,5.64025918721667,5.78727416851694,5.66037150298692,5.47223575074169,5.50025322245708,3.88411246574699,3.79520280579397,3.41081489217736,5.59847661073427
"APOBEC4",-2.58207701602468,-0.573434845791299,0.515657815607608,0.908155679246666,-2.58331902433437,-0.545637379265732,3.15597534991348,1.61443015658901,1.92850714821266,1.50808231371299,2.39353373532454,3.26843815749599,-1.24168916465717,-2.57081844268086,0.225828797753066,2.70084865510214
"APOBR",-1.01353474291168,-0.263168161952389,0.218724896461511,3.95374038606231,-0.923723262741108,-0.97441999760103,2.63219583899026,2.07567504262478,2.44126724379583,2.43665494517752,3.34204396475516,3.61759801455344,0.588495964473955,1.6551484586833,2.04288104494118,3.47368231332383
"AQP7",-0.605004663529366,-1.00521189207104,-2.57167682953973,2.55460032963479,0.245663137296507,1.21598361491647,0.344164101195855,1.96057948586851,1.70697331572286,1.56971200257118,2.24923033168904,2.82814196015837,-0.205651531922552,0.675329459963024,0.239164330116075,3.06802941197446
"ARHGAP29",6.93083812938992,6.93354462113947,6.99345604124467,4.64655703388899,6.52731231782977,6.3323661998578,3.81027623560027,4.22123871457646,4.31968928248,4.24779014256151,4.70760527291684,4.52530482815376,6.83236333409297,6.72671890684458,6.82747903091727,4.82332315803884
"ARHGAP6",0.904729047750789,0.236008140498614,-0.454612804946804,2.01134297211155,-2.58331902433437,-0.42830979672835,2.72928444074671,2.01342764159277,1.60322189259549,2.03425211418302,2.57433856576508,1.45217507000353,0.927402489994999,-0.456366083598598,0.358920064850616,2.24003886755603
"ARL4C",7.9689112881085,7.86225699165486,7.97496898735067,6.13506607994601,8.33938549671361,8.27439292098216,5.15731332175473,4.99697995758475,5.06323441602193,5.08134625928313,6.34409111807988,6.22266818345626,7.93168839137854,7.95205877433145,8.035503244703,6.18811594454634
"ARPC4-TTLL3",1.90228582563211,-0.566248972423823,1.27768413548017,2.46785949406784,1.41026754741248,1.69163478721391,2.18671290667651,2.63989531185611,1.9973058016328,2.00113297980355,2.32905075354042,2.85062026448325,1.04718640093933,-2.57081844268086,-0.899737317053895,3.19209177611807
"ARSI",1.98822199145103,2.17361797234144,1.80614549801196,-1.0751696278655,1.787161659548,1.93588334024864,-2.54883136179221,-1.20798250259315,-2.55328123269062,-2.51417813024926,1.9476132046481,-0.176741718984084,2.19568331882824,1.90571742867101,1.79588792192857,0.0719957978439129
"AS3MT",4.53646138704592,3.67517353305357,4.64843488963561,-2.4023610290284,4.59958363361885,3.79499443443818,-0.412537263842408,3.30938827711407,2.29393318550591,3.16341182072105,2.44568895429572,3.76943458422058,4.56439339876341,4.07556105530524,4.40922614553676,3.89726446581659
"ASPM",6.86842295150175,6.83819166124156,5.58656398638367,2.9492951357237,7.59317852921987,7.39661093712082,6.03036963525903,5.69511946389843,3.91978116851459,5.68903250016915,4.64453262260953,5.06040377398965,6.92768419985559,6.69819986821853,6.88209355498886,4.6517868325373
"ATP10B",2.18823202393571,1.83975160840097,0.79091355706742,4.38644839436139,0.781236288700633,1.52418460346241,2.97732951809698,3.86017784566724,3.57054782655814,3.48421754818688,4.26081253957744,4.07294234171278,1.66505302514291,0.573319483803347,-1.2121998051308,3.47847838779416
"ATP2A3",2.58349360748018,1.64742042996401,2.62740989798332,4.66444131098122,2.84179176641721,3.81230119335603,5.30202109184486,5.47298324517371,5.32334163904875,4.83347981861547,4.64504849196108,4.47022733859991,2.15951042703493,2.47720963456697,2.41843155939288,4.74527588506052
"ATP8B1",1.9583020292672,-2.57102922439175,-2.57167682953973,2.33779986508449,1.09042815354332,0.598359731274738,1.47661962836617,2.10774153174592,1.92695213179372,1.27998444626514,2.62778319453551,0.997782298038307,-2.56287786536816,-2.57081844268086,1.32969930665574,3.13976728861387
"AXL",6.39479001505155,6.15323804779516,6.49593987345833,4.0812189734578,6.79386977489521,6.87881001319086,3.20733750213304,3.87788867247544,4.0680102485384,3.7135384446716,3.91523271446154,2.97514359288115,6.3725627433574,6.22716699357673,6.46719632357683,3.86073843751335
"BCL2L15",3.86069664642244,3.76354351258535,2.39600751791826,5.58714172503451,2.91974376900877,2.5580002543746,5.69850284118166,5.52716019814227,5.02102471907343,5.89053228640065,5.91722521370909,5.55290225737089,3.1267167384308,3.99729235348961,1.13485118122193,4.83919534691489
"BIN2",2.01540597072933,1.60814189244342,2.22369771667454,3.62525955198091,1.88308965421974,1.21501274409654,3.92060898446982,4.17986644711087,4.32897930427702,4.20869880762849,4.08700417846398,3.24978149649063,2.03826023974673,1.18518098787883,3.19156927462403,3.7403101923584
"BMP2",3.12161510974802,2.76422272625045,2.1641564351446,4.89642170054587,2.53625885983178,2.29506243483077,4.67750921214074,4.6272942934252,4.7450710092066,4.14807615292702,4.76600254660539,5.02150170995839,2.70217898927746,3.13435660766988,2.82486171163999,4.93987905699888
"BPIFB1",-2.58207701602468,-2.57102922439175,-1.19466131493769,2.52692014767701,1.2321950894953,-2.55153433680654,4.49715005044022,4.69607033002021,4.36346312117701,4.86007353092177,1.76711255378031,0.476781843979938,-2.56287786536816,-2.57081844268086,-1.34809425569101,2.66464254106078
"BTNL8",0.256587976271573,-0.196951031287538,-2.57167682953973,2.36334878011182,-2.58331902433437,-2.55153433680654,2.1404396592391,1.37373856300551,1.96782632974804,2.14917321229556,1.39375950963788,2.2660393021191,-2.56287786536816,-0.755463215671877,-2.57659053103893,1.94863925744961
"C1orf158",-1.37573785985197,0.79554470900022,2.2864225378158,3.63706801528531,-1.33148724255312,1.75386066260642,2.73813101861926,3.51861810994438,3.52170701319414,2.02984568425624,1.88428441308791,2.61847563946382,0.805480368677606,-0.188907628449164,-0.686908037050849,1.80542200278731
"C1orf21",3.21048331357068,2.10716391086907,2.5864654157662,4.45835878798369,2.08834378802177,2.51781051765276,5.14945646854508,4.97768766817051,5.06993488634564,5.08032971171491,4.48560765177223,5.14236358460717,2.89563351052676,2.44174643794673,4.09524636081293,5.28475285420331
"C2orf72",2.57048425511478,3.17728917804837,2.20618641928004,5.01827404214036,1.25531621592715,2.23404515206358,5.73069067694481,5.83964690616029,5.658874290658,5.79812390147821,5.01908455609887,5.22841008035108,2.39781518762432,2.24078866632772,2.76312362959437,5.41137708703159
"C2orf88",0.601542855019866,2.03643493831496,0.833961519775117,2.78656139152705,-1.04148694240458,0.643578930034864,2.85490354658724,2.68654011180067,2.13270615315169,3.02607723602601,3.16417892538533,2.65432064264651,1.53212813529839,-0.0508774176895548,2.53467713607108,3.93652004363402
"C5AR1",2.34461120266666,1.20554646228241,2.4777983417982,4.16144447078297,2.69144949009783,2.48247099177517,3.89666373012785,4.18104000663673,4.02127561756808,4.40262843644834,4.01972316707056,3.25617082678228,1.08704089730032,0.824837140983216,1.92183573542298,3.91679983633534
"C6orf15",5.96581298102806,5.84983571266589,5.87596622056187,2.09274585267997,2.53876071896474,2.48392312958723,-0.219063384078229,-0.967702209055235,-0.964090217662937,-2.51417813024926,0.380159107707475,0.745737013100328,5.81588835716379,5.74768408403938,5.84739979608442,1.27855830297386
"C6orf222",3.73338171408888,3.5962474612084,3.85169997265575,5.76017045177606,2.45138806658064,2.29506226705112,5.61317692427574,5.60221607606322,5.43345878147058,5.52880992613013,5.84698860216575,5.80384052334071,4.28677908635004,4.0061484483055,3.99817518720134,5.8070896747915
"C9orf152",-1.11949186663218,-1.11279070325779,-0.400826400784014,1.33958497260594,3.27225557255187,-0.362181327388051,2.91272192916291,2.90997327180174,3.09137184790263,3.049515929722,4.41935209743387,1.13821811815059,0.0948057432660674,0.0363853342261187,-0.403519227356505,0.929056026703264
"CA12",1.64339730355917,1.65618479181434,0.445072335955305,4.95340609060768,0.910590232948523,2.09503936736194,5.22710206393345,5.10973323157313,5.15174459065392,5.03876055754527,4.72760803687352,4.7745897216418,1.74706821791167,-0.745787553812407,1.64821167617032,4.62965926725912
"CALB2",6.71120006247979,6.61114677413716,6.26698925667269,4.2596447680705,5.50575719082692,5.31453838410857,3.51462066981801,2.76956552523916,2.62174902984938,3.01080779205442,4.23622110789615,4.32232663760546,6.29819703536235,6.41267375067078,6.57497216162633,4.4343385032476
"CALML4",4.57668940999189,4.40397897083898,4.16265724471634,7.14667058193531,4.28377842418817,4.69092574102564,7.03447736224141,6.95578039798045,6.9326637860689,6.92272238972504,6.93813749888634,7.00433784180735,3.96635551194275,4.87476071023266,4.17353243258135,7.01403395209678
"CAPN5",3.3233503308844,3.71195815202184,4.12862928004099,6.1651746229258,3.07871733142976,4.06748479433719,6.85451096629704,6.69814650724074,6.99434385588084,6.65443372264133,5.62371902602186,5.9412605745736,3.40045279470654,3.16136254026183,3.18512509662641,6.05378051747259
"CAPN9",3.34192088004833,3.43357475175024,3.35714636256814,5.49609865316632,3.06349105907652,3.70237041996537,6.7777532545424,6.66440100455698,6.77116447711124,6.81397726115159,5.31503290023722,4.96307765582249,3.01311314635924,3.0086803763969,2.9395753137498,5.41135118307349
"CAV1",7.91994107147401,7.91862378164392,8.06692452451724,4.21391235698743,8.84473178108656,8.84070760409891,4.47023091129734,4.44866476973856,5.09579564328879,4.67865552182224,4.13961306093867,4.11799600906027,7.72862057812075,7.78111083326496,7.84454044409933,3.70232512970254
"CCDC129",2.10646504219126,0.180990478091735,0.831769179298086,2.13164181707787,-0.882296050724791,-1.54063234340824,0.879098452229617,3.34953125199246,2.19774537715199,3.22485560483237,3.88110093997636,3.84151120352864,1.3440359431704,2.04602833557247,0.533651223110739,3.12385885653274
"CCDC148",1.53197543520436,1.60210370084089,2.37512104806206,3.30926677104126,1.77885270010481,-0.270202956962552,3.33472848050973,3.89134435029923,2.79266859496668,2.74035945138441,2.38186865767947,1.69523575716294,-0.03138577798408,0.793777291074137,-0.825996152170105,3.31138211191355
"CCDC152",0.696430473936188,1.15348748698151,-2.57167682953973,2.81012142277181,2.44706743644,2.94693938421549,4.42591493329215,4.15003022248509,4.28704398673084,4.051723817571,3.25757863840218,3.38547158585354,1.13734058957824,2.02196420797909,0.675049247494591,2.97268239129939
"CCT8P1",0.833397840164985,0.834624581550106,-0.0520427017664873,1.81324127553759,-2.58331902433437,-0.775514690313823,2.86620784113082,1.80060422125318,2.23255536022429,1.27980199512352,1.98485520994815,2.13391598185558,1.14960694839793,-0.0581055921051796,-0.0343286427198259,1.57771649424097
"CD83",3.41778473313918,3.88391880687276,3.80549817290273,1.65641206150353,3.19003735306685,3.97777338117944,1.36651543354571,0.255576600446709,0.621623128361448,-0.187510953503596,1.03007448984327,1.03401542808782,3.63270062849147,3.88380869332455,3.62897330435728,-0.0970667724054305
"CD84",0.180455683330905,-0.244511695734227,-2.57167682953973,0.759145541091297,-2.58331902433437,-0.972022535734801,0.544091485125307,0.883619726351418,2.29816819661066,1.18683220793205,1.20511136676054,1.37397360043429,-2.56287786536816,-0.22441270806911,0.874373140262448,0.437668209795067
"CDC6",5.57279022887927,5.38049131662604,5.96736837663458,3.82110963031842,4.94660681907315,4.9297057982664,3.61071254550397,3.87468304064444,2.18144834239226,2.87060481399829,3.42038084785738,1.99548923590194,5.30967938007719,5.37915295466922,5.33685011425526,3.983550237694
"CDCA7",5.46950325777406,5.62077102174237,5.01534522105534,2.35269532700231,4.51122819114792,4.63077083712706,1.95442146274242,2.7717643696935,3.29560038323702,1.55130708037091,2.84430310693201,3.95524031030657,5.98164715897186,5.77411989735051,5.57463055267566,3.35527598947379
"CDH17",2.03898832946636,2.52153827226209,1.11207307848906,8.75571662793271,-0.0507146508287532,2.081911298368,9.783152303274,9.87118558696733,9.87763175243482,9.83327271136125,8.9811816830531,8.84620229655791,2.06184237042682,2.5007597022622,1.37634676552227,8.85951138727897
"CDH6",-2.58207701602468,-0.417173362107696,-0.220832471636894,4.42411252825846,0.627442476593944,-1.44236495642791,4.44614326983024,4.79781423373068,5.18300999107221,5.33654082493925,4.26105090227552,4.76224326028749,0.638169313398204,-2.57081844268086,1.08451383177635,4.59750918220807
"CDHR2",4.62918945906046,4.11046042143975,4.87464907133035,7.48657519387073,3.86085856461922,3.16070568324272,7.02779530996688,6.95493805024915,7.05101550622506,7.44851385841834,7.30168711689443,7.64627863799847,4.4806496443862,4.42488121581813,5.16275140764602,7.62342059606448
"CDHR5",1.62939178192806,0.976458974271095,1.64442699676286,3.83328833266003,-0.218132794807855,1.67214633700523,3.17672628178904,3.13734391680839,3.5484535122827,4.40891800624231,4.51033972004319,4.10601561772665,2.92842782957718,0.97637290540674,1.40625830575255,3.67507547476813
"CEACAM5",6.17976440841532,5.73446523468276,6.13628362547766,10.3162541766868,6.37562230730098,6.32768720767571,11.5885234900864,11.5587760531741,11.7214754121938,11.6402174028795,10.2963755267203,10.2750822948315,6.32810397860762,5.79215356164836,5.42454684305161,10.2536475864
"CEACAM6",9.89866563438088,9.92316625456638,9.91903561327497,11.7175168164008,9.4624179696196,9.49814254507346,12.3543555048952,12.3502934169177,12.3516441355313,12.35340436624,11.738438718255,11.7562228670016,9.92691672819346,9.92797746259728,9.84049664882839,11.7750862219489
"CEACAM7",0.579418996528087,-2.57102922439175,1.43627057811181,6.56871281875298,2.20640099325488,2.41861456186615,8.4516385315283,8.45314494609397,8.17413256026413,8.26112859948815,6.94926227160066,6.31211988055104,2.53262474427025,1.43395467442533,1.42609584299463,6.81780732258656
"CENPA",4.69643977256105,4.85111274272024,4.5589032057217,2.67949483737687,4.7055050564776,4.57062356639348,2.38477255322683,1.85535400777158,3.13135740108607,2.68680781159879,2.47205110423801,2.73935029385556,4.77477059973869,4.35456808848624,4.88075327955799,2.56559683907706
"CFH",3.65836782906414,4.94093329238414,5.60003353205286,6.97253129489121,5.88745162811512,4.72096926245234,8.11134851136978,7.27386578999729,8.11265416912876,7.9171720728302,7.47950855735716,7.05258609939602,5.10394744992045,3.41517678431821,3.743174392729,7.48412362406344
"CFI",-2.58207701602468,0.0533466575469815,-2.57167682953973,2.86187355405592,2.34564054489074,2.19888568889331,4.40469937466328,4.42094171115093,4.18522046076754,4.78526671360772,3.36329390693164,2.58709815855736,-0.912264651512488,-0.197562307089562,-2.57659053103893,3.15047511055298
"CHN2",4.43696489669711,4.12557849925842,4.39102612097801,2.66236372110917,3.96111659993869,3.56279113174761,2.74085102446213,2.31314359088709,0.677794401672886,1.13922567049458,3.89665541900442,3.23346119711507,4.53371904669944,4.41144547606272,4.44717691952469,1.23052099602936
"CHRNA7",-1.18112868928195,1.63757693963209,-0.925969356242836,2.05017124942087,-0.467459531515622,0.950230016423619,2.90280281788511,1.67737136209337,2.47834960290484,2.68108032182188,2.05131756515058,1.89185836821591,-2.56287786536816,-1.82556739205182,-2.57659053103893,2.82856284987302
"CIDEB",-1.96092420231465,-0.871374388417196,2.51359561639555,3.79654058402594,0.771179265294112,-2.55153433680654,3.31680640121783,3.19572401359027,2.5055858682373,2.43842327198859,1.55073310088929,3.59906704971428,-2.56285986115006,2.27928910860829,0.116665050826269,3.25585777900465
"CIDEC",3.11077753751185,3.08234981201571,3.08650334808173,5.47817167645765,1.77415133159485,0.965511761327687,5.91234605323725,5.85582413567119,5.8373069917036,5.44399359166239,5.86584225813907,5.5519930605074,2.73338207963275,3.00285215544423,3.318653068723,5.48973551144266
"CKAP2L",6.9215272239726,6.51364145978207,6.97549933276562,3.85768442467135,6.4003202982647,6.73760643408821,4.36002427016232,4.51529529851681,4.53923916491966,3.89498288039307,3.95550649893263,4.63977382643689,6.2634076226792,6.40752959877522,7.04951990394384,4.18794992209223
"CLDN18",0.533955944488761,1.2211505838374,0.873610546146412,3.0256438789347,0.506566228347732,-2.55153433680654,2.55838271196819,2.90017670718432,2.75762232360361,3.11258658175823,3.60722703066053,3.53168050994386,0.902387443393971,0.841610244829613,0.142058165818492,3.68382633431401
"CLRN3",-0.279874706378012,1.49492816847501,1.11049869529874,4.2238351192923,0.577730704338926,1.68522237516058,5.29756005488093,5.46420563496067,5.45608943962845,5.561351582622,4.53215317053476,4.53615151389361,0.226595732022726,-1.00127298776531,-2.57659053103893,4.69253047285526
"CP",-2.58207701602468,0.467138059805545,1.05927848362582,5.37450869117997,1.71311879100072,1.15497531136824,5.19779081764141,5.54436889992443,5.83915455195664,5.15668945905234,4.871403738597,4.92257015759785,0.871285816713936,0.861262135753647,0.577451011773111,4.59120232050563
"CPA4",1.46011486863505,2.40110507234424,2.79411619387178,0.26538038945526,3.63825955740723,3.53345211843699,0.00958057797055677,1.93835517806015,2.0591945967796,-1.18550116222131,1.1227287176554,0.475868834925544,3.11367272842823,3.82928645804236,1.81542741893576,0.246270969414832
"CREB3L1",0.743693402517145,1.1154274172349,1.37565920745306,4.93294128595652,2.39923099749926,1.5060232434498,6.59300743096991,6.45961375977677,6.54726390227565,6.54921532788064,5.20505422845204,5.61379991814183,1.14621948495385,1.75767472837651,0.891093046238162,4.88062181187238
"CREB3L3",0.34909975121389,0.401579345334547,0.363761849753172,2.45648437705465,0.0067861960789692,2.13923688377908,1.31423408868031,1.20351423224264,2.11460507436534,1.77804153406569,3.24086085078445,3.05692206735756,-1.15079180998859,-0.425468404340279,-1.16732771430518,2.38012742136365
"CXXC4",0.188035783504884,-0.248241225751896,0.185244898886315,3.81034805211896,2.81478725189932,2.62812066651066,3.7434702926113,5.12864593630267,3.69504904380791,4.72495004625369,2.65866034851295,2.30769937814606,0.309353101783487,-0.515640281026184,-0.0589026747201114,2.20038697492882
"CYP1B1",3.8184834612597,2.98047662712656,3.08780238129176,6.16506798328647,4.78911192895235,4.375447947718,5.91405389736174,5.9527006764268,5.62872769564069,5.6099756030852,6.35238790939147,6.04688364780219,2.04623479619237,2.86573554043789,3.74375083253311,6.4944109799607
"CYP2E1",0.842746552478356,0.959896142361681,-2.18010240764005,1.54879890636178,1.30461810541155,0.191241490134677,2.82518649002786,3.18985688103875,2.94165069552809,2.9261522018658,2.29677867232455,2.53356086677233,2.32529396365077,1.47322012273774,-1.1588627269266,2.11043869364763
"CYP2J2",-0.927665354320114,0.154254227029441,-0.162822281132755,1.38629008612805,0.98347388563124,1.6452327625358,1.78057017674129,2.09310096697089,1.85241523817348,1.51604612312512,1.40685478055523,0.965948130391403,-0.154907644141493,-2.57081844268086,-2.57659053103893,1.59380542532774
"CYP3A5",4.84999294068742,4.34797198959157,5.01035611953641,6.78144499917124,5.61553768513885,5.60456490734604,7.5329070885837,7.43758646563287,7.68146965413128,7.60655010326859,6.79154764443189,6.84234836067944,5.07689524949344,5.1090561379947,4.31284710626925,6.95160585481899
"CYP4F12",-0.45908163465677,-2.57102922439175,0.473081676227759,4.68900146699253,2.89630921202293,1.80513706265709,5.63719793484666,5.55517696613598,5.79316609595982,5.71843134392807,4.96004359782791,5.19026643252292,-1.16630684532939,-1.44512923971105,2.64773897084051,4.67697549824069
"CYP4F3",3.29779026970596,2.40619839986469,2.91230610875186,5.97733966827642,3.53513997646775,2.79762744581379,6.34201787372568,6.47538560077047,6.53243675857454,6.73968258463706,5.73850503882666,5.86040175461929,1.71315358938846,2.40609395440587,3.47026089655576,6.13616161621077
"DDX12P",2.63779052766585,2.40916645217177,2.91653198418198,0.825974739852571,2.69251457084338,2.96422944023875,-0.0238964777846857,-0.0810407987748302,2.84177839276119,0.940605528899831,0.719263745429225,1.37687827902076,1.78169900899505,2.75177630036688,3.18355346134887,-2.39603517995914
"DEGS2",1.67576071405309,2.57244980111041,2.14894498283119,5.0549425488954,0.0232036326404911,2.23359808943909,5.0443797448869,4.33040435231572,5.50566193513341,4.26629703640191,3.9751734542334,3.95217054995534,0.034543275224539,0.0246837226714901,0.0039018133213337,4.64750196294159
"DEPTOR",0.990950613706527,1.00368243835668,1.00584468819163,4.37157809146251,0.756249997628452,-2.55153433680654,5.02455381430858,5.17325942317164,4.83715447613892,4.78514519982259,3.7407996785,4.22584038232083,1.95187536090917,0.242014195259126,1.93383702639319,3.48302996800205
"DIAPH3",5.06288305536675,5.03414548234025,5.03191928378324,3.45892474691809,5.5077541627656,5.41835371983755,3.36754011449256,3.41530326356371,2.96916420486973,2.92538202533121,1.76985924667218,3.26324612737609,5.3741894554036,5.23959172091702,5.23811402291434,3.01633358163961
"DNM1",3.1068771493142,-0.161687802224885,1.20786441926805,3.71904434069443,1.88588935349593,2.34048833937053,3.92475520398278,2.45962766593495,5.0351020515306,4.47360561451397,4.15275252761486,4.79037023017707,-0.00111912204643977,2.15359674081594,1.05024953567705,4.37272291568382
"DOCK11",-1.21710423099827,0.299018842914133,-0.401017302812689,1.65716104340163,-0.053353903574361,0.0998406249973917,1.68709601965744,1.39439033528196,1.19730418618012,0.793520593298962,2.51628186268592,3.49623262197015,0.436992767947259,-2.57081844268086,-1.12013040779096,2.52352091817101
"ECM1",7.80075882647236,7.67157516997179,7.76993198602331,5.46530143517536,5.47472638147877,5.15524308998384,3.96327128521955,3.67782251169147,4.09386650750518,3.86424151121182,5.05582601899072,5.4334968845257,7.69688622146446,7.73614559436666,7.72707610877067,5.5630528471262
"EFNA2",-2.58207701602468,0.188210373001965,-0.232017939833455,2.56004078053194,0.233659719042706,-0.963452048609184,1.90664052236231,2.34537913830014,1.88953913804225,1.43308816738183,2.45982750537396,2.25148749975485,-2.56287786536816,-2.57081844268086,1.34370911795187,2.47475028842425
"ERN2",4.09447253299406,4.60058966273035,4.60869002888414,7.16735352564155,4.53288936927756,4.89829543871647,7.43887249235874,7.53507659440973,7.61455218981216,7.70213995998345,6.88120093690456,7.17576688791637,4.6660931381488,5.11612646766756,5.20845254405075,6.77967147915862
"EVL",-1.35893943057963,-2.57102922439175,0.32084531697131,1.55974689425342,-2.58331902433437,-2.55153433680654,0.356545037535809,1.48373488894799,1.1617512919602,1.35655054045213,1.51194282886869,0.857995701692741,-2.00370422191745,-2.57081844268086,-0.762510562646815,1.02870927913877
"FAM101A",-0.761053656172883,0.436734581158705,-1.25098370172029,2.90403328790018,-1.256740967144,-0.547075119806385,3.32233518789067,3.93206530176917,3.76716554558192,3.52108412183159,2.45580786575219,0.049599218342018,-2.56287786536816,0.436662794311802,0.42893719009399,1.51191422509767
"FAM134B",-2.58207701602468,0.575852206160768,-0.344663254032341,3.53425798683517,-2.58331902433437,-2.55153433680654,3.35817542979466,3.18709262208329,2.97101160825199,2.7829087093075,2.97154223139528,2.96499662174885,-2.56287786536816,-2.57081844268086,-2.0566436550351,2.36914111087663
"FAM198B",2.83324187959469,1.87944937207225,3.66767140703065,4.31293612312647,4.44604338542747,3.7185566885225,5.1103954084733,6.03571147898642,5.20211598528497,5.24222898934165,5.33665570770869,5.33977275851797,2.85615978720303,2.11210946379259,1.6830169677312,4.4925082475956
"FAM3B",0.167949162256409,1.36786896567464,1.69120211008262,3.12410138622182,1.9615013620891,2.278493974625,4.18667228597028,4.56371678363012,4.48044837684248,4.10222897419116,3.82844170567861,3.48523380811422,2.18348901354482,2.01012352964803,0.754242258642888,3.39926566328209
"FAM3D",1.48522252943081,0.660990931951813,0.74232447606865,4.07184999963107,-1.20538701062878,0.773435632662108,5.85630708347295,5.89031775740457,6.21068025900567,6.17505542013909,4.28302037738948,4.35827724346034,0.967114605340658,1.20267032011905,1.46613671256692,4.23335940179344
"FBP1",-2.58207701602468,3.35770882005208,1.47765800676279,3.97702337461542,2.50304062950089,1.31955436059874,4.33129450666972,4.21849406270049,4.12108533292129,4.14279517262624,2.59135930936929,3.45012163152258,2.18708657576287,2.65851698017735,2.44255666778679,4.09813951083251
"FCGBP",4.84183025409684,4.85469962266524,4.27632151259914,6.59327159505775,4.85520857949156,4.30439475231839,6.48628124049806,6.76432293546248,6.63010671314005,6.51780392010418,6.23231983150268,5.4316851025098,3.39876548795058,3.60393938905341,4.26584076737509,6.60133160547672
"FER1L6",1.48214986745445,1.31453418450222,1.11049802969868,4.38576866217772,2.76448465418005,2.99151429235635,6.79599907163557,6.78948266522733,6.6128643145693,6.77298491187158,4.55504719484628,4.55904726740188,1.50493422113566,1.10823251307873,1.92267422486773,4.49248594498138
"FFAR4",0.393424970405061,-1.04550335683684,-0.238219149971198,3.21988198380217,0.0553709888926019,-0.243254763723651,3.48677399957073,3.35210443444262,3.57042856740963,3.40858404414089,2.99088952076888,3.52055580237459,0.415953105435348,-2.57081844268086,0.398290705655159,3.43001981068499
"FGF14",1.60874400019594,1.8589691336187,3.56217556977473,-2.4023610290284,2.77034969007158,1.42846393951994,-0.511872191797706,-0.00407824681801949,-2.55328123269062,0.522557291733757,-2.4027683638315,-2.39948045950122,0.917586276612681,0.894920799071724,1.34037372601452,-2.39603517995914
"FMO5",1.94477427084166,2.15504918940964,2.70605415308649,5.53638655472127,1.8426784929466,3.22842249079824,5.93364108325114,5.66249898096284,5.99046013726562,5.77307966043738,5.29868313021671,5.46437801295644,2.46048675883068,3.19014338970443,1.77373466567632,5.72397899207497
"FOSL1",6.73913982340969,6.7827773672647,6.60259017342075,5.02160862240378,6.32026758897253,6.32620342484833,4.00240694747771,3.98229568662887,3.54727762388981,3.68900541559525,4.45979828939563,4.5435516533724,6.57661566142516,6.77344719008731,6.66520199969201,4.55320900035461
"FOXA3",1.43156360459678,1.87923081101272,1.75057696544887,2.87115495493132,0.169479278843094,-1.01000725555438,3.13334107675459,3.371619689733,2.68332855879736,2.92902329798175,4.03411188886146,2.72805568702966,1.61433567119452,1.74821381400734,1.00420659182376,3.01329225051823
"FRMPD3",2.34662396831601,1.67389703606479,-2.57167682953973,4.30872165324731,3.11311727566214,-2.55153433680654,4.12822438603871,4.57088830030495,4.00769415110848,4.24600339785804,4.15276727441438,4.69445247711687,1.68387323883931,2.233168655421,-2.57659053103893,4.76786384664551
"GCSHP5",1.23608727032851,2.021880566032,2.64533898584887,0.64724330671354,2.36646681947983,2.55824710502919,1.37534971947315,1.58155375953523,1.80086412707647,-2.51417813024926,0.919950486287159,0.515912054563407,3.31947517987266,2.75886640809207,2.64640538774139,-2.16582168478139
"GEM",1.94484506792672,1.22401235647495,0.494627207751171,3.51546094205374,0.778901353731515,2.40984276611609,3.5281282709842,3.01719670907955,2.96989564595529,3.58182600003523,1.86749654751098,2.82354601642645,0.429500978111734,0.133875842410543,1.01093815562923,3.39265669843362
"GMFG",2.76379206015585,3.20435919088962,2.30082008338545,1.53478359433288,2.50730429445354,2.64572481016004,0.606583412652371,0.502222934198177,-0.595150936683363,0.0443380477110377,1.92955919896827,0.960406557111211,3.09405309210969,3.22138401767401,3.07969972895843,1.24427242015226
"GPT",0.345302609600015,-2.57102922439175,-1.41413074552698,1.42046095064394,0.534057523099486,0.341996891986863,1.79329355050804,2.56025217974003,2.51293383173255,3.02542071890209,1.42056790954965,1.06283713765264,0.367813931538267,-1.38827971165785,-2.57659053103893,2.79232265102155
"GRAMD1B",-1.38985714663587,0.906573570263052,0.386978954166669,2.73419621362079,0.330890299686871,0.733820491376176,3.90943992034351,4.13652221559222,4.11021225508146,3.83646545414474,1.78333030886895,2.18423828284159,-2.56287786536816,1.478138727475,-0.886598314790847,2.47344586553006
"GRPR",4.02283058115101,3.91415623835314,4.20311719970555,1.26825373589345,3.74666306207824,3.41414135308268,0.627512743670338,0.253998733778939,-0.965810646222037,-0.188981764502496,1.4750992676782,1.2729247603966,3.95561976275883,3.8156606843194,3.96812331921591,1.82292003274158
"GSDMA",4.51011496105508,3.94329872547245,4.30211241049845,2.06585276422843,2.69152185060716,2.64964147089614,-0.265319541402083,0.668273249502401,1.12358828803047,1.16308153718082,3.18909085440511,2.78296741143754,4.52434263663251,4.2450297048509,4.30358444812061,2.7271845150802
"GUCY2C",1.30177402756315,1.65524935274877,1.31674502200283,4.04140085744128,1.49474151387284,1.96074500835415,5.21990436986511,4.89860216579005,5.11579839066183,4.94109710543065,4.13630283029334,4.04619903700061,2.46126429445788,1.49483102609369,2.25686686848842,4.08150204600301
"GUSBP2",0.355226671610119,-2.57102922439175,-2.57167682953973,0.494088083829451,-2.58331902433437,-2.55153433680654,2.11882926391662,1.73682573309855,2.01754685181642,-0.26882714459935,1.39177921427985,1.22341413735238,0.861760190813012,1.60949675260424,-0.599241457917152,0.807520978812332
"HAS3",6.27350822304213,5.95632134236892,5.83685786343384,4.22933863634875,4.61919536547205,4.6158722959565,1.87205691750512,2.36337281529666,3.36620744329109,1.78432165305889,4.54888343600161,4.591631302981,6.10558222933498,6.04751871373526,5.83172877565741,3.87546312621679
"HEPH",-2.58207701602468,-2.57102922439175,-2.57167682953973,5.72946215101462,-2.58331902433437,-2.55153433680654,5.55135091865405,5.5365698950484,5.99265954675181,5.54755512619667,5.29057433935039,5.21655694119052,-0.519972144576177,0.713981339227782,1.87863773221175,5.0477460365795
"HIST1H2AC",4.56105496036204,4.41642099933776,4.11557421544584,5.9633116333151,3.47232792939593,2.3048433510176,6.33299145453088,6.31925205923303,6.11448539678363,6.24112961127618,5.90723109359136,5.97156598138269,4.3177498569265,3.97595753563127,3.87341504576713,5.85719192181935
"HIST1H3E",1.42007955598598,1.22779575612062,1.75932626247549,3.84536897541557,1.46588751921169,0.861559911476518,4.6373710505281,4.07194957921667,4.32882841268533,4.14933115523228,3.86227372719249,3.51587645802032,2.73077114627759,2.25589277009933,2.0886324122781,4.66881445580852
"HIST1H4H",1.58495505389,-0.434472156874801,2.41195764416688,3.08542571451688,-1.31603885593254,-0.406417485265672,1.89822826257747,4.1282508812977,3.07448299859914,1.92988737805695,3.69641535041441,3.2923665544745,2.07010734598941,1.84724326406587,1.3214404875368,3.26884307959124
"HLA-DRA",2.82268157341946,2.60836183061032,2.61069537613872,6.09386453024635,5.93095283616301,6.50815037740052,5.79132097735893,5.64382844869522,6.25258596847422,6.19367523888358,5.39843942710534,5.90649042343945,2.61843264082321,2.60825631707217,2.60032182246825,5.58501596637493
"HLA-DRB1",3.80946518801455,3.93731814456278,3.50066489055169,6.67520755279404,6.36353634117275,6.43217870903874,6.40825439535294,6.44680426389257,6.4330983591145,6.29816006485533,6.63079025720446,6.75897209740982,3.71297178460088,3.45510496211273,4.24863967278456,6.7026009081602
"HLA-DRB3",-0.324489773642709,-0.301546876295309,0.56302016481295,3.31451803084265,3.58888656897759,4.07680318836905,3.50971704395279,2.59477325265018,3.4416890770816,3.44305779340688,3.13198856980011,3.5967446937457,-2.56287786536816,1.25710472739729,1.61576936031704,3.27480931840586
"HMGA1",11.0365379649914,10.962363929456,10.9461955822298,8.71555056677152,10.052897599705,10.1673378000308,7.70289753988393,7.76734168727593,7.98870764769756,7.62336701162304,8.74338194015834,8.87128085229313,10.9926182105441,11.059678449338,11.0505555472678,8.73324866470083
"HMGA1P1",1.9533649629208,2.68205923780916,2.07913280839186,-0.708122362941208,1.4652761091624,1.46664002256448,-0.843998309263058,-2.55800972065847,0.784194027179879,0.469880581527126,0.0411689092414923,0.00897613844975461,2.69467192154043,2.51304215710942,1.79066997423294,-0.716330988691723
"HMGA2",7.94948747186263,7.50561346886785,7.83291465216323,5.52302696136907,6.41438958237755,6.77101266712402,4.85065524848265,5.0878688366019,4.69343140248869,4.78482318839719,5.64705729963525,4.78432680173329,7.91671589746156,7.91763333986029,7.75236673627167,6.26524692093695
"HMMR",6.39221060173356,6.58340191229605,6.71053963669886,4.4194014264417,6.90837191205016,6.69425095841048,4.8180673434646,4.81964195446819,4.59934997862002,4.5405058271198,4.23077955672804,4.19190937101376,6.84900946292873,6.50618988859798,6.63811643562363,4.52360758202378
"HNF4A",4.42405848036609,4.11611213810358,4.3915558250391,6.48728886949237,2.4884086440485,2.60553550787408,5.99045696995314,5.75981153933256,6.22616080725005,6.07693797174361,6.42149808061301,6.37500142546231,4.20921798769175,3.93757805343431,4.30638594095825,6.31033434800862
"HNRNPA1P48",4.05505371394846,4.29419937599524,3.64680551927158,-2.4023610290284,2.73563950337004,4.41982004788829,-2.39024585587479,1.77993625989836,-2.55328123269062,2.6938288763299,2.63016633989409,2.91514483927135,4.75289982584662,3.79927133351077,4.60827799608533,-0.340570664378951
"HSD11B2",-2.58207701602468,-2.57102922439175,-1.26213838788016,1.73452920801863,-2.58331902433437,1.60474277306215,4.54334738279095,4.61001159752158,3.8589285471174,3.70829345470394,2.12172824350041,1.42937088282281,-0.579194537034159,0.654001162402976,-0.138659768678889,1.93220435013795
"HSD17B2",1.88617225301646,2.62997645800302,1.65597606309197,3.75060439402338,0.395425294501808,1.59304472416929,3.99854625411432,3.62361004007971,3.53603939142378,4.21458084830167,3.8633856338959,3.94055146209011,1.94337383492246,0.658905667032387,1.92349600125921,4.12509412378139
"IGDCC4",4.85973557992723,5.08188188144176,4.68426346840131,2.53750673959891,4.02406055679483,3.8116872815059,2.56266313344162,1.40023341304464,2.85281598299063,1.75423900880996,2.79139107439684,2.77178352833674,4.933634679493,4.99341494144821,5.1488993541083,2.29457752067327
"IGSF10",0.0610241730732693,0.71521583360959,0.717318568609271,2.18798892859242,1.63919955696232,1.79973266719147,2.96532235186851,3.25180845215287,3.2139888005717,3.39282502217015,3.28466339203725,2.45213055569104,0.567714979685243,0.557737741640481,1.32879752429796,2.90882086515852
"IL17D",1.80787666172468,1.38913409336799,1.45609988763618,1.04787129421377,1.90375543711803,1.85071538149375,-2.54883136179221,-0.213921068373114,-0.950945468827734,-0.911628044766737,0.639977036208826,-0.0840925397067212,2.47650260172357,2.07210831432124,2.27113120761728,-0.816652943588292
"IL1A",5.62692443445176,5.76812286179666,5.79660316465719,3.71550974130103,4.6641424141721,4.49203998602787,0.917161864188666,0.906357817295653,1.357119718684,1.57712519454622,3.23915673762456,3.72029496307597,5.71551064876813,5.62039190084352,5.62208730373351,3.94877917073904
"IL1B",3.837407382126,3.16493913134448,3.52248950607272,2.51735844203394,3.36950185176173,3.65963775941835,0.94046376694795,0.336805495650072,-0.18299710746933,0.0919185067751089,1.11884184545148,1.59193953928461,3.1112026856798,2.75810613431047,3.08154545953459,1.81994404501934
"IL23A",3.75575302297979,3.86495886037147,3.70149249488268,2.04470153747828,3.31376966868902,3.171406003085,0.909765621195329,1.28077048821186,1.58554777493208,0.617010386750552,0.985163092559536,1.61456286647769,3.63620190359819,3.83480760233973,3.72620852230624,1.61782134021426
"INHBB",4.81122278543957,4.98365635323606,4.62783276489454,2.69551854594256,4.34928473590783,4.47018599117712,2.50256539674798,3.00189293348116,2.65983083549755,2.98166600140982,1.95992736740142,2.78040155253497,4.916192730357,4.68227212655127,4.79902875753579,2.70353457056866
"IRF8",4.00049973610169,2.855786428532,3.72836402765378,5.3018659133002,0.985805564993179,0.447740872475099,4.44449808200616,4.53296195168291,5.24913933754167,4.34076133582284,4.39086081524735,4.83080834053372,1.84141250417643,2.04866457326759,3.2697390816299,4.85239608290854
"ISM1",2.82006832049708,3.18788761999499,2.90082489104441,1.02770184677444,4.17496437087278,4.53479276512664,0.627512234934478,-0.231737143308334,0.257299660259048,-0.188982213886207,0.377958046327091,-0.101819588707898,3.03137293229203,3.18777949792228,2.60814364459859,0.385132908606236
"ITGB3",1.34241145793409,1.206459829863,2.04256416121859,-0.336842304379085,0.892857403647109,1.5198343841398,-0.949519175586246,-0.235884392009997,-0.240444832489408,-2.51417813024926,1.40490616688002,0.477414844725335,1.78750106013008,1.7643876601877,1.81734204303704,-2.39603517995914
"ITGBL1",5.80783991953161,5.97764976379024,6.23793165316089,2.3356934591964,6.40581632243788,6.3642185581674,3.68659740355722,3.1971803462858,3.32396164301705,3.71311517305545,3.09026018276801,2.8908079353128,5.64050158547398,6.15773815337752,6.02061916674949,3.145669437045
"IYD",1.66630011607591,1.67908920199338,2.18449120948183,5.1291664673479,4.72236548983585,0.1960955268795,6.51388369258226,6.34193384777864,6.40795388489753,6.44244295993025,5.55916470833182,4.04718077991069,2.19224203170403,2.18208731629208,2.17417155384784,5.43566528123782
"KBTBD12",0.81787846117394,-0.877143565676674,2.04362131831354,0.992478543635925,-0.0399945808327065,1.39913745283517,3.63627498963156,4.18376324727741,4.13787350939068,4.21155294246171,3.00929644373605,1.53386186175076,-0.479317825535111,1.36919948992666,-1.22917711446266,1.8950017751452
"KCNC2",-0.000528523740605119,2.75694086062739,0.367620025700164,2.87053453696875,0.648550000600117,0.141610923052124,5.43457454478014,5.15873289750437,4.96576310264158,4.9085696595207,3.23625560836721,3.19176214975651,-0.451142471195697,0.365530362721975,1.25788893935724,3.60428740925974
"KIAA1755",2.52412746008316,2.31793621583704,2.4032751539405,-0.746416208461715,0.495767657558987,1.96539099491207,-0.865763341794468,-0.876175875766391,0.812768713643478,-1.0341666011308,-2.4027683638315,0.500191703463153,2.02065518508334,2.26689583947568,2.61991097524579,-2.39603517995914
"KIF11",7.38227187789251,6.6858642859489,7.21211860923649,5.69957881267874,6.83905552443411,6.94945049038465,3.29447323797556,5.29965321545093,4.60927955353586,5.99374133882175,5.98663856848031,5.70780549125226,6.84828137348462,7.33450172177735,7.11064819154574,2.19041080601761
"KRT4",-0.44415580811763,-0.234041725085954,1.8809737847978,3.01167203588196,-1.1407407341028,-0.946593236729656,3.62504200666561,3.4630982861633,3.55756180234494,3.31215939138171,2.73675950968149,1.46361031495774,-0.422009280524283,0.252385312673217,1.52617155467674,2.7280432065433
"KRT7",9.53059566005681,9.43421819198023,9.36388941522937,7.50990506426231,7.94823913883923,7.79938376629109,5.43202233775957,5.60750502334528,5.75301880826908,5.89983204670801,7.36265379872713,7.31191493921741,9.10446179709005,9.42125942128571,9.28133815282214,7.02158008431774
"KRT81",4.48731040563125,4.19824695871849,4.23027912171966,1.95917362014044,3.46260490342195,3.35549474168552,0.264714161606803,-2.55800972065847,0.257298018628536,0.948969856606103,1.02840442815437,1.81966252894598,4.76097567188461,4.50035426103319,4.2111920032227,0.621906154480525
"KRT8P18",2.77691748934896,4.00298421673661,3.16496978671768,1.10521958945271,1.58493760337592,2.28702440331373,0.70583023679762,0.331307276285328,-0.907504246766528,0.738025709123193,1.10591759033504,0.457961440505295,3.25421237505883,3.0179526277091,3.4187194894236,1.90536155676033
"KRT8P36",2.94143937165351,2.50719654364844,2.61269244377586,2.4680984199467,2.35444614934328,3.12303155001023,-2.54883136179221,1.12641103808931,2.3463751301514,2.24665729860622,-2.4027683638315,-2.39948045950122,2.43436426238399,2.92964930287012,1.59070127000532,-2.39603517995914
"L1CAM",2.18387841586034,2.20437081928756,1.44982034402058,-1.4958834777891,2.71034325965688,1.27848680081081,-2.54883136179221,-0.493654862595509,-1.43452729527795,-2.51417813024926,0.113917892782604,1.44300704978998,3.3626948868175,1.35954166468381,2.67414350993326,0.982133878387092
"LGALS1",4.32954504331093,5.51811293724873,4.3707958623035,3.28326839140092,5.71408053384074,5.78175610087374,1.41309997332005,2.09484165075241,2.09796736484994,2.41125079457156,4.49605393263915,3.1032210971389,4.70062330321702,4.36491605441118,4.38845277819535,3.22116128469098
"LGALS4",5.04696134454184,5.05943088103288,5.35084611839667,7.21445651831706,4.35734175402747,4.22043800908741,6.95291755989808,7.01492902392116,6.82121111288727,7.31391340416126,7.19228671181657,7.17958001162712,5.02768588153878,4.90268300946709,4.97833307056839,7.05690475942501
"LINC00483",0.437274826590384,-0.950676285450355,-0.174040014561139,4.01933786060004,-0.829333114490423,0.760325131959104,4.41295216406918,4.49187038140528,4.38983670685587,4.63625211118825,3.84006202559697,4.09836284660395,-0.764298935304213,0.692012604786276,0.471379069089571,3.92389508909254
"LPIN2",-2.58207701602468,2.74147944161002,-2.57167682953973,3.68701409767641,1.39018875375732,-2.55153433680654,3.09837498105724,3.4747317703581,3.48328431944167,3.07857806533308,3.54205570993587,2.99369786080548,3.52758400280523,1.42388461913925,2.05215610483122,3.85370496078544
"LTB",2.40252352832179,2.36366271867154,2.65700208913043,1.346462792211,1.6103524107725,1.4887152409719,-0.922696940372557,-0.188260690173741,-0.184874653047735,-0.611089381387947,-0.745021986612474,-0.521577038518137,2.6074697751356,2.6748285309814,2.11170932137846,0.431495512006274
"LUM",5.12653457457077,5.01818194438715,5.3382637879456,7.57539912390189,6.3846840420089,6.28221441193925,9.27222694656544,9.07523682747176,9.01490277255011,9.06302854797991,7.73897162997725,7.47862212232968,5.18156512136424,5.31861440224015,5.25483394847989,7.72077877416179
"MAF",2.12010751542654,3.13117250743668,3.1334254414501,4.9700091967706,0.170949794641866,1.18709780669157,4.42988428051465,4.54726054194667,4.50975222683808,4.53256052091668,4.94765405339407,4.87880038915283,1.86015660509794,1.04699670487932,2.40443241201538,4.78625441205718
"MAN1A1",2.43837110780993,1.10831930374902,1.6575024156354,4.82290221056468,2.36120674411714,2.29506041485084,7.21159624889204,7.19056536316115,7.14918210013585,7.12107713822114,4.84244378348965,5.02150716498009,2.17190656240261,1.31444318396499,2.25686335654052,4.93987703276199
"MAP2K6",3.80999702929401,1.86348201597303,3.64582164626689,5.24952090347098,2.26059248853547,0.0796919214002303,5.28473719401329,4.88003566598701,5.3011837459691,4.1452230502387,5.01073984367031,4.38599525958943,2.67315602181038,3.91814049224384,3.11879974297623,5.20073526514054
"MARCH4",5.52832224617541,5.25740129414798,5.47387869978538,0.741956220546421,4.17565188747272,4.03789602630111,1.36598966287016,0.907220086367777,1.15157153068497,0.668850303485391,1.27246461600272,2.09705333210164,5.35430634416022,5.15607687568015,5.42771439991744,2.22025136110201
"MEIS1",5.16431207179557,4.7010464973531,4.58953095753494,6.53560121741326,4.71499670064416,3.71150997440115,6.74774409430991,6.77799717699057,6.91514120296502,6.78716950880412,5.74297839964674,6.85540765226338,4.50124247855926,4.65432584893459,4.37348447958577,6.1636516180974
"METTL7A",1.54430092942778,2.26593265767836,1.51405565544395,4.05061391998439,2.85466299836187,3.84727643642699,4.62167832502126,5.10680445885005,4.85241771667193,4.74801943603805,4.40691784098714,4.84752285405274,1.63786727802929,1.34497605640769,0.894208226206676,4.96012637975587
"MFSD2B",4.71711654507118,4.69247309374568,4.62270957253375,2.40142322592654,3.70863377987656,3.70107981639147,2.05723009771383,2.05866507917519,1.92804082829527,1.98114702546634,2.32929153607902,2.20796852122275,4.70560225626964,4.32103139467808,4.76209869713087,2.80181985025275
"MGAM2",0.305951220791367,0.97993043957387,0.839281614411739,5.21269677277642,1.90566875194434,1.87426448709101,7.0091392666759,7.11832389610318,7.24216541936514,7.13856534475481,5.42557736621506,5.48902851800273,-0.111806140677454,0.318520716407801,0.660429470432887,5.27791784281558
"MICB",1.85917576460458,2.54732363360953,2.68888286216595,0.713768269795895,2.37178664779287,-0.332729761330273,-2.54883136179221,-2.55800972065847,-2.55328123269062,-0.895830092768989,1.27053225921649,0.888578958615936,2.20521847544637,1.77622966578869,2.29955089590396,1.30698889942988
"MMP28",1.89877204574517,1.69550479764078,1.84175092024098,5.14213614220244,4.02234041842399,3.61910132247264,5.51256026154393,6.00696878939074,5.72603162414704,5.68394297715655,4.69632617264677,3.6275151292475,1.5395521984954,1.89835512235923,2.32262833464556,4.10802298413609
"MND1",2.81964559859112,2.61743632244655,2.97694856551939,1.18018325401884,2.70739380425367,3.30656143449403,0.691686801759322,1.17221959003178,-1.92310517728355,1.49007213064369,-2.4027683638315,-0.782564978089961,2.49012355824034,3.07508639872421,3.13078945512608,0.714849129349809
"MSN",6.72828865336296,6.92559166212395,5.47580626793274,5.62162533461325,7.22363866851248,7.14599028266254,-2.54883136179221,4.57530448017196,4.39406238854315,4.16548070331843,5.39001459929216,5.58807573092124,6.6279479176117,6.81339815426,6.81022943520597,5.79465248268451
"MT1F",0.70658533479324,1.15299828796223,1.06006024782753,3.57909647841641,1.31100473498935,0.181921928116595,4.2600783291101,4.0787226784641,4.22759318015923,4.05160537131797,3.36688701420004,3.14716062469753,1.48994150049491,1.46236071633568,1.85969708323734,3.63198531096008
"MT1G",0.548336826848976,-0.734064409071177,0.430396879962353,2.26745012489581,-2.58331902433437,-2.55153433680654,2.79882870941378,3.46076133723165,2.76867080243724,2.91662025835689,2.59091345756067,3.10239973366371,-2.56287786536816,1.63703354278763,-0.184135574605077,2.50497121450061
"MT1M",-0.847542625697473,-2.57102922439175,-2.57167682953973,0.513421777120424,-1.00501141469052,-0.974422728873364,1.36830978124849,2.27111481282208,2.31608700624461,2.23566302855543,0.8389464422625,0.589784631947469,0.492743833751404,-0.0785858161789893,-2.57659053103893,0.600836465019313
"MUC13",4.90241072630508,4.80593168175002,4.61999733746679,8.69758033351924,5.33267102749467,5.74569691304144,9.11328183004951,9.26753874061094,9.22419476053138,9.20392452306772,8.67405209095294,8.74472708678435,5.03689723672406,4.68128051971927,5.09061558190556,8.77964523155719
"MUC3A",3.56154183183989,3.06853674055733,4.15494374649376,5.13528820641859,2.28285867764971,2.6248968360357,5.66247309286626,5.42943540899033,5.31062492244695,5.25636889852681,4.72424047858589,4.92852750065351,2.29278126505331,3.06842743185865,3.5663260726069,5.21396396250769
"MYC",6.23915385603617,5.54409833843785,6.0470605762768,4.9561092276748,4.46145894499612,5.18116757453316,2.34885208122986,3.62876189228072,-2.55328123269062,2.38047215241073,4.75827828625166,4.48059563442396,5.68082943505204,6.11031401703439,6.11848376498299,4.05544261954356
"MYH16",4.27414883689471,3.7082636814363,3.74611409300846,0.111419413561763,2.83515055980999,3.73868404937246,-0.375689743352191,2.43937200313435,-0.0096563624208935,0.486692806921208,-0.259375512028903,1.25092511171143,3.76347827306369,2.72661517128246,4.27893304645034,1.49487623395235
"MYO1A",2.44207875724155,1.37126684230273,0.55701015677707,5.40248093375876,2.32370760087751,1.40110803457631,6.53420080547453,6.49707715969693,6.732235378511,6.51355918367704,5.80484696295497,6.39382122596516,2.32429901216116,3.71077708890231,2.46958639819013,5.61141360750873
"MYO7B",2.26516057446283,3.17666879681171,3.24896923892199,7.28159969965379,3.315485963844,3.3602234460887,7.34561434937957,7.31910448621344,7.19860550157225,6.9369065442537,6.77608369957858,6.94600375350606,3.04895221303059,2.67427446482843,3.02551687725881,7.21394472034314
"NANOG",-2.58207701602468,-0.718805081391452,-0.985926423466984,1.49040652619347,-2.58331902433437,-2.55153433680654,1.45044225912771,1.45468381083889,1.40631950645692,1.16021739874266,0.479499475335406,0.321899356214854,-0.842616043383302,0.378833180975804,-2.57659053103893,1.53421456243342
"NCAPH",6.3276964658115,6.35867032971928,5.84316740529125,3.8446091622689,5.95311441691233,6.14173520552794,3.87691223652029,3.87265287877212,4.38088450388077,4.23873989884661,4.29181960869215,4.4489971333425,6.44666919827477,5.9065882004859,5.97532000141084,3.60114775749712
"NCMAP",0.277269695390159,0.616229225096404,0.397895762569371,2.96817421596198,1.19704223786047,1.71279570522412,3.68694572061727,3.81472746018534,3.65020956789669,3.60775337108737,2.77357916556013,3.11160389871615,0.789584963144995,0.665523998369048,0.345836211611512,3.08213035511668
"NDNF",0.567227826095188,0.289141111641487,0.300023359975752,3.93522857721302,1.71243286264428,1.5262218026893,5.52509842283977,5.13525001018291,4.90643996012833,5.1958841610505,4.7506902134169,3.59441758893699,1.1961906783857,1.28168587337345,0.572083193570252,4.2218747938766
"NFASC",0.183906924189798,-0.665794948435352,-0.896658352102577,3.14015291736538,2.74001569762996,0.887039044419503,4.20316831082462,4.22206532053139,5.76413868631466,4.98642271115054,4.47402100005574,2.51700075312024,-2.56287786536816,-1.61699680584714,0.202050610996685,4.1937077354435
"NIPAL4",3.28335445086365,3.58631387352908,2.95930614822709,1.80522961835114,2.95779004938425,2.95063651775316,-0.174642321867564,-0.185265111195185,-1.11870132400082,-2.51417813024926,1.25676091787914,1.26070386863991,2.85850319407072,3.63892262102749,3.31723749805142,1.26397233292677
"NLRP3",3.95511891018148,2.45512569989582,3.17588185319875,-2.4023610290284,2.64924136103626,2.56285220069572,1.6920695081999,0.95007739897208,0.0749704541699669,0.194444331653955,0.543918807304534,1.07599029072623,3.45149712608123,3.7938191299499,2.06821895363449,2.1588722655537
"NME1-NME2",5.6462844271749,4.8086025947154,4.60732533163187,4.02659799718755,3.96485533991584,5.25536771389137,2.9458832710846,-0.0985439359516939,3.09142107170515,2.79587784109497,2.15049803660929,3.64410139711399,5.13816091790379,5.2947735328462,5.09529151535853,3.838758437932
"NOX1",-0.527317866757807,-1.20400631675239,1.57113192403779,2.87170989977056,1.51589172613145,1.07033607114769,2.20129734100666,2.34848982955077,2.07403510507218,2.61039955478316,3.25840795236554,4.04527707322834,-0.566224778626551,-1.20399166888794,-0.522372843981936,2.69486807333562
"NPSR1",-0.955744799466351,-0.346893589358574,-0.942028429536778,2.74285801934642,1.52198126995932,1.14325636441568,4.71422306633187,4.32415463029999,4.30600573502352,4.34535664081168,3.41045750882551,3.32661118205257,0.499706005130476,1.00412432015921,-0.950739611607238,3.02593121714045
"NR1I2",2.75255839136069,2.21304091352522,2.5555226247186,4.69046111164657,2.61958701203545,2.51338501401666,4.69388434052905,5.07062479063458,5.21060193548562,4.95331139096771,4.53087176436938,4.29689863246365,2.27661714115813,2.18757302871408,1.71543730156522,4.51197792317084
"PADI3",4.9090596133052,5.01355796767388,4.92433591918097,2.69551328500443,5.66881089002486,5.69880665415514,3.01282662254809,2.65672766539637,3.17832654320992,3.37247805823762,2.85232497546158,2.61544055070481,4.90016795971478,4.7548668717198,4.49621697144557,2.78365322654626
"PAG1",2.50040325371758,2.60824113031105,5.26781577364819,4.36962623330919,3.08367102379285,2.32059829311541,5.52919444618264,5.07382023111397,5.18902989213449,5.34909146945218,4.65305042371863,6.62658878070011,2.60419556269021,3.67920855586607,2.08797644863577,5.73411996062505
"PALM2-AKAP2",3.44645615139966,3.55437757166437,2.84110026397995,-2.40196743776339,3.38408992550838,4.17826377068872,2.58508706902648,-0.733720028309186,1.87169204703591,1.82130082697077,2.2469626434322,1.80378576832639,3.10620190788326,2.4734167912784,3.96760557686338,1.69676240268296
"PARM1",2.03613098444275,2.44924024339361,2.16220654376322,6.06719979757775,4.11902576362224,4.35362560446074,7.23883306849492,7.34234034522215,7.24773630755115,7.2577172302949,6.08381574083805,6.05299064071072,2.05899217943738,1.79749741167394,1.78960877713977,5.87065706100027
"PCDH12",1.18997490531385,-0.511176584611613,0.306528591872446,1.3626120336222,-0.513674152266132,0.333586988910028,2.27580605182343,3.11867568774172,2.26802209717563,3.10839246637705,0.115017889873243,2.68542206819332,-0.501523627488906,-0.511217124200592,-0.518679420445445,1.5286508494939
"PDZD3",2.05847876917022,-0.869330268362172,-0.91866976705873,4.32229743939774,-0.98671765592565,1.3425008043856,4.11407378310044,3.95198471467162,4.23107786926908,4.53625725371472,3.91627672370281,3.23417528708085,1.65809434931677,0.902567354789213,0.580948834785753,3.39475920486993
"PHLDB2",4.32363584671011,3.61089449257957,3.50470078645185,3.39347408991303,4.71235073972886,4.55511477337269,0.985440332678372,1.30082827418837,0.12153831591425,-2.51417813024926,3.50710945393895,4.1582656390132,3.42123364071213,4.28729491223185,3.16650165761193,0.993755043633712
"PIGR",0.45307956041966,0.744010755449669,-1.09789879392353,5.46624726763392,-0.363621413472214,0.479296735211345,4.28304288144024,4.84282034032523,6.34826494947117,5.39070194440107,4.97417433312912,5.15484089299468,-1.08681753151485,-0.378789080231921,-0.255311842746398,5.47430751327596
"PIP5K1B",2.70657725114504,2.79096123048519,2.4446479658357,5.37922390063104,2.15286709326121,2.19185522808609,5.82858846396216,5.70683454319613,5.79746391290038,5.45402646236664,5.21372758308779,4.86442367121303,2.92923395404047,1.65469234310101,3.34208357615718,4.69922622960766
"PKDCC",2.67568176138125,2.55058851376205,2.02495935139653,3.81840440965629,-0.276737576126301,-0.416622536217701,4.8351879632378,4.00448575902128,4.1280858331197,4.37223866932355,5.11283232837693,4.60430456489701,1.64919734251601,2.01632204474813,1.9096127140884,4.36763731352842
"PKIB",3.04497295143288,3.4515778208381,2.46907939727078,4.99442247740132,3.8536412508817,2.99217720924112,5.81234647561961,5.73341997026374,5.6747468571708,5.7067754784285,5.33333158760047,5.26655135011313,2.78109921336072,3.07384572688745,2.56983407871278,5.26498506090004
"PLA2G10",2.18554674760174,2.38456132514335,2.31615348437021,4.91604544665476,2.52781910717439,2.0032839729118,4.54637781455101,4.86130387641479,4.55744090203701,4.56547143482663,4.78959817856058,4.72697110584663,2.06551169660456,1.84841450518238,2.30332078818937,4.72202042841615
"PLK2",8.82241422912901,8.57565890356922,8.83867583672478,6.25636775913182,8.89466736967682,8.79527524485221,5.97629855579728,6.4355554786457,6.30693962258067,6.36209376960574,7.08707301985728,6.61573589460586,8.70707197027297,8.62369993032538,8.77776676155064,6.6844693705733
"PPM1L",3.71860190957424,3.04348516907402,3.04584007771242,5.29426901503176,3.0438037138494,3.37302485424959,6.56657486276041,6.68009012349839,6.57280096673122,6.93055034798452,5.36626547042179,4.99055219172828,2.79184651966793,3.61849064972535,4.00183443885998,5.09064779875127
"PRICKLE2",1.54947028868939,3.60366214043767,-2.57167682953973,2.99385888870693,2.02230911251326,2.50144468855845,3.40873163990861,4.16083835346983,3.09484636720428,3.77433102928058,2.43594602766717,2.24132688605403,-2.56287786536816,-0.133571810369009,0.528217686101596,3.56408535932627
"PRIM1",5.1170144740319,4.5320922066165,4.11879574637556,2.7677929392038,4.06969558700221,4.4642415587055,2.62352234407824,0.91992125415756,2.12473830809483,2.43766522412142,2.70309738771924,2.67633548424812,4.89301781282294,4.30793272987127,4.6917772621949,2.57089840982231
"PRKG1",0.885907896515354,1.15653717678694,1.4389929817184,3.51041768547829,2.19199348479876,2.13116318633143,3.15856494739356,3.45588222195837,3.11629601522374,3.95087042179234,2.82723025029757,2.57584325650686,0.987799610460875,-2.57081844268086,1.74392306298613,2.82998621351267
"PRR15L",4.79425162373456,4.37207976325923,4.6847814360229,6.70235040481086,3.5966486351156,3.66564586793649,6.85283818400671,6.59461173018916,6.67206486217904,6.73544543123737,6.48802073096992,6.67608273417104,4.35891778524123,3.97609853118216,4.59784695797627,6.47127694395922
"PRSS27",3.85700352769665,3.50543289200643,3.26735944998566,2.93137093230879,1.39577996644201,2.90592045300652,-0.640921470290894,0.651081517853454,-0.64790701429,-2.51417813024926,1.6937283627909,2.30528208439461,3.36616611665095,2.84845539204895,3.56744237486456,1.07341659644864
"PRSS3",3.99821709863412,4.24411015746828,4.11616776253527,5.91752743739247,3.54320603523737,3.24486008913456,6.00092213442217,6.28305873730624,6.16909689986746,6.31589469678519,5.84117874074076,6.12297168578149,4.59289723206171,4.44921799193995,4.0317787647625,6.05757049695339
"PRUNE2",-2.58207701602468,-2.57102922439175,-1.48011814289507,-0.598389841124932,0.428820218818916,2.68145874843534,1.94028084801139,3.32336520153768,2.55526655361245,2.45097526445381,0.893664216680012,0.834450876942419,-1.85052508255481,-2.57081844268086,-2.57659053103893,0.598069233343899
"PTPRN2",3.87892648827507,3.74984490633693,3.81792591700154,5.57313117177847,4.07392208287495,3.7424158459183,6.31681350247591,6.34155233290535,6.46260160710183,6.3941777083645,5.62941917403232,5.691271186271,3.25949907415948,2.95667003446145,3.46424450302704,5.46953773590105
"PTRF",3.11638308339214,3.09829270984366,3.08669184928449,1.56401328115975,3.60210273388693,3.4070722647114,-0.211210032770577,1.07362092740422,-0.04071899998372,0.741419387799052,1.27700849839907,1.198968387991,3.5615238265286,2.26723583159368,3.3247227443106,0.566717706893098
"RAB11FIP3",1.83741488284987,1.53214060533877,1.5343810477752,2.56762695606633,-1.61930370075761,-2.55153433680654,1.13610481563895,2.84727721520891,2.53312667932131,2.02132584868856,3.72993991882513,2.97627651665811,-0.596429633727482,-1.27702993877224,-2.57659053103893,2.58006314710124
"RAB37",2.72710368102117,2.64675878868502,2.57917908072406,4.29923502335999,0.878720782002932,1.76899544805232,4.84469200239398,4.59940217718197,4.92194032927124,5.27785625501828,4.43715042025757,3.94485048854894,1.73137676694681,1.94880885835278,1.69791656821593,4.3235886237143
"RAB40B",2.12668945958289,2.51934739349934,3.45077953738198,4.39300559617832,2.42811638389191,2.2360573087102,4.41871184721064,4.86878472344251,5.46708129639957,5.12950792972173,5.37625870063308,5.46868982369363,3.46645117772602,2.10407266854918,2.76516249096205,3.85496971769898
"RAB42",2.3225507022862,0.514701540297406,2.34526613468288,0.0386803801630812,0.94284354753688,1.29127481301592,-0.737354850483679,0.130203012146449,-2.55328123269062,0.234934879770093,-0.00562059931680778,0.369509978675498,2.10302868220485,2.11160247330777,2.80014413698142,0.153693226136813
"RAPGEFL1",3.6649957620485,3.56864693058527,3.14697585574137,5.92767419233317,3.58914165975507,3.95287748894291,7.47744992402845,7.13606165116943,7.16275468721595,7.40250165399616,6.41339124134718,6.45209826267561,2.92218288122999,3.16447495973351,4.32164452022395,6.4220091073887
"RARRES2",-1.76921918695104,-2.57102922439175,-0.463886527327047,0.516652012438016,1.25779663700054,1.5056504480427,2.84732469982489,3.51120088771749,2.16993727646964,2.27565276529854,0.614471463806367,2.20039571859093,-2.56287786536816,-2.57081844268086,-0.473113941107795,0.123122581638728
"RBP4",-0.75060395367638,-2.57102922439175,-2.57167682953973,1.83171198456882,0.0805565815621165,-0.364469608512982,1.39637313448086,2.04943755083113,1.25920869029268,1.7544042405876,1.62278174582927,1.83642898392026,0.930650058894498,-0.738257941692504,-2.57659053103893,1.83968827794725
"RHOU",2.88562905912099,3.05042478424748,3.26684970568727,4.81343587250143,2.65487872852861,2.48142436031137,5.2912500564344,5.24829630638783,4.96616272279325,5.29078458884471,4.705889416898,4.90123090986651,3.14455017632244,3.18777772476843,2.98349327683648,4.89548393976359
"RNASE4",3.6816466956831,4.19860567558099,4.46553941906231,6.13880380557395,4.14184269522155,3.53762712105064,6.47978130134489,6.54539884189657,6.6369085437468,6.44963075886149,6.26311865948329,5.81884829809817,1.95128792473844,3.80938204724614,4.93967231119498,6.25232035090177
"ROBO3",2.83847076505984,1.65342094542669,2.22788338998733,1.3849742477611,3.16702908230346,2.94743294943242,0.811075101399374,0.235742614002914,-0.19336050904479,-0.270415555552568,1.30174384439114,-0.771036028651926,1.85476563438938,2.45498281522616,2.0677407164525,-0.538840798097239
"RP11-164J13.1",0.160489371257228,2.12978487804152,-0.120014091677153,2.25145352031133,0.451404441935304,0.34885637520367,2.87367396968383,2.71594507840712,2.7427028267554,2.34439623525582,0.9886409644182,1.66363452470454,-2.56287786536816,-2.57081844268086,1.16312887748902,2.27976392713872
"RP11-309L24.4",2.05424427731469,1.02399942785527,0.80417260866321,3.26624697885449,2.71522639926479,3.27519765846703,4.96727894834736,4.87055498388902,4.36367387106829,5.23995789234645,2.53013424024389,2.5274907626689,1.70365298131296,1.50160674703298,1.87159250093835,3.21183435560643
"RP11-314N13.10",2.46139575328163,2.22327290682396,0.876969778965892,3.88227649200711,1.23419297684343,1.45363879404783,4.09205062346052,4.36937940445137,3.98501522057768,4.16677777880311,3.98585143426153,3.85366901573054,1.70428683619706,1.8682157165612,2.23098328992745,4.28280001062588
"RP11-326A19.5",1.23405517681074,-2.57102922439175,2.53943416926857,2.96959056930149,2.78053186494715,-2.55153433680654,4.00896473975458,3.44745844236836,2.53499754242043,4.17578637266412,2.91026321408938,1.2561480008084,2.14474591397175,0.260739564337979,-2.57659053103893,4.23371620033193
"RP11-424C20.2",0.406394913600443,2.38332244047985,2.17771674276316,1.04868801436865,1.60008209645392,1.53872762511267,-2.54883136179221,-2.55800972065847,-2.55328123269062,1.87340564095392,0.653032621307787,-0.0914461212124288,2.13876324721092,2.9045164106379,3.61298487931192,1.31727153155015
"RP11-488P3.1",3.74459016598976,3.78766214112306,3.89466441752883,1.07216734559097,4.0964552420868,4.40899114704795,0.923303531445903,1.15358335658721,1.7083903429759,-2.51417813024926,0.389405750725371,0.758815539266752,3.69210863597722,3.91906338508658,4.12995844396873,0.751543432017531
"RP11-514P8.6",0.904700816155338,0.388278376090835,0.105680130651192,1.7540913984582,0.328614934465467,-2.55153433680654,1.15352396809876,2.65997332448589,2.51319603165912,3.22059311944513,1.45784638426974,1.07721158942798,-2.56287786536816,0.916381518072597,-2.57659053103893,1.5411967008935
"RP11-903H12.5",4.36317521796659,3.7236450966184,4.05492187530866,6.69800362316626,4.51418288041312,4.58029790713817,7.19799480277463,7.27391925400758,7.04123797741958,7.3354855395281,6.25868818243126,6.90580854356468,4.96061785474639,4.06644540300526,2.98586013545823,6.69577675530983
"RSL24D1",2.66157889127812,3.03776440245098,2.45193456805058,-2.4023610290284,2.97090752697815,1.19347450558838,0.648194979051468,-2.55800972065847,0.840316762105237,-2.51417813024926,-2.4027683638315,-2.39948045950122,3.46861464760918,0.740869111286866,3.23815548712549,-2.39603517995914
"S100A9",3.58338966042626,2.6161855331994,3.5173393817061,0.738854846331658,2.26501474216786,2.92878674963317,-0.221125388762395,-2.55800972065847,0.257297592230695,-0.188980720773126,1.81569377088867,2.32614213680116,3.14455421815462,2.83280194755796,2.82485856556154,1.48232371793507
"SCARA3",5.67383521514742,5.48842434874866,5.66240507237229,2.62816386292997,3.35752010515079,3.59380662593916,1.17493687567185,0.191752694159992,0.195064487465404,-0.246996701032485,3.16780526216989,2.9460103472358,5.6520324891758,5.89526148313837,5.58758185570187,2.94926260054536
"SCIN",2.6350288408271,2.64241244921406,3.40827023719163,5.15195485050091,3.55192914567854,3.40742542112079,6.2069178218298,6.11288597564545,6.59816148527139,6.34142525306735,5.57784635857871,5.37647814033444,2.77450816137882,2.91828732392018,2.24734181011329,5.71905417093536
"SDCBP2",6.21197185899388,5.79648666800574,5.87368169747313,7.8438406303399,4.98235042578158,4.94121761416336,7.86285809369527,7.85955513845048,7.8376965826648,7.71526990240035,7.6373764816733,7.80975238935454,5.88929401491176,5.80890175237117,5.88402818023602,7.53971620907539
"SELPLG",2.91297533568827,3.11699872238409,2.29353308343212,3.79820100923776,2.40265098077561,2.31352374819534,5.70478544454686,5.71414458930917,5.82954866927656,5.55470525897212,4.223584412635,4.06606545118897,2.86963078474247,2.14461493764973,1.97363413452846,4.01007607800905
"SEMA4G",5.56885839283504,4.73397276963445,4.31799835944568,7.3544208099351,4.12551002606985,4.08934004283843,7.80698977244659,7.38190874762501,7.58984462926871,7.45906939096219,6.85060627427168,7.30682494963296,5.45654819892827,4.77199878253455,4.32649205297546,6.8482796185411
"SEPP1",5.11282950666487,5.02689094151894,4.82868369415171,7.74259768913448,5.85290668891811,5.49608873576262,8.88269010968152,8.89443356471637,8.98445001425363,8.93932813238593,7.56155852741733,7.90701377010617,5.1409128328073,4.89453679586523,5.17642190296557,7.64231433867609
"SEPW1",4.14821603101456,3.92675112806892,4.07410162253053,6.70445660813468,4.57041716739024,4.86043361566454,6.85529412353719,6.69552149098909,7.09913602028582,7.00804310773959,6.55566559985328,6.44322060051326,3.94919435214348,4.59889700999924,4.06370537883091,6.69176821681532
"SERPINA4",1.65737153735158,1.50973972458856,1.33143963541868,4.1203863341441,-2.58331902433437,0.259213713546265,2.33133286990208,2.86186368264982,2.823310618525,2.57052702579135,3.92191199547668,3.81488576186388,0.891887064175332,1.32913376085942,1.80652918514208,3.56662830403185
"SERPINB2",2.37754978228961,2.79057923585397,2.60526968056668,-0.669619119439822,1.78142026267446,1.46274477845426,0.0647199975576433,-1.15142733965479,-2.55328123269062,-0.755876502750513,1.69297564190675,1.59735133788221,2.96668447970179,2.60213463659576,2.78253093028871,1.65820873518888
"SERPINE1",6.05458856838443,5.66056916801721,5.87179735552723,3.49791047992313,5.47731535158911,5.31323915141993,2.39378160545412,2.20210772907992,2.40673735009382,1.39652906166453,3.58896653722992,3.91224127437505,5.98137489047928,5.83477549098891,5.71704026928761,3.98704919770866
"SFTPA2",2.41249048803427,2.28697193046413,2.24941462170929,5.36281465161959,1.2349942812594,1.08632740169706,5.75703676027084,5.61178225952214,5.92587106600175,5.99250670504823,5.15062746817938,5.04994443698106,1.06731373994425,2.38771648627359,1.96942387859927,5.61686767403401
"SGK2",1.127516352301,-0.980642839430642,1.52750260066344,2.16215636536894,-0.417384111197597,-2.55153433680654,0.263774847384249,1.48650225702302,0.739855409097798,1.72238394571549,3.2000334150479,3.42530072675898,-2.56287786536816,0.690793840271198,-0.713656476730865,2.65597888803947
"SGPP2",4.9331463853498,4.80881954519623,5.13099617180121,6.99403281333605,3.22028911729216,3.49672546861951,6.44678577689003,6.65508087412498,6.54372775658708,6.69943848748706,7.14782677932754,6.87011876090948,5.04784927492845,4.98398059253544,4.8213149057305,7.10132338481421
"SIRPG",1.71492864742868,2.38052049513455,1.26853520627005,-0.384856351260398,2.68088945765882,2.36219011686886,-2.54883136179221,-0.0935585023259583,-2.55328123269062,-2.51417813024926,0.256779742190655,1.25551466270502,1.48546507652911,2.03266013013965,2.2708062473852,-0.458682785398579
"SLC10A5",-2.58207701602468,-1.00126736700967,-0.265564624132227,2.61068412018447,1.10790163704404,-0.239032731850438,3.38900620958759,3.55586523324087,3.42769712805497,3.59837525306947,2.42518140603697,1.03234252719768,0.877579643411751,-1.00127365252596,-0.274955707209373,2.93167277278902
"SLC15A2",1.82512941739023,2.79295506531553,2.652877586386,4.17304713438224,2.7393469743181,2.88765591095688,5.79877216364851,5.51471668190139,5.35328140014044,6.07445701439187,4.27906320888396,4.60917224258601,2.6754169260095,2.66524210910798,4.16317557446146,4.82264914709248
"SLC16A6",4.94260695698617,4.69562295220303,4.20901165079922,2.90092324312573,5.25614036796356,5.25967417548622,3.22647181861383,3.11567404444647,3.33219922092069,2.04038232389454,2.75871207695082,2.78901728382647,4.74150414319287,4.81288049322347,4.86401712489758,2.07963530481318
"SLC2A3",7.32302378879705,7.36954182744176,7.67280365062818,6.10331828464849,7.26234712193432,6.88611737864427,5.16478586244869,4.40388589093863,4.38035069669894,4.66429248118449,5.21645450484683,6.37676921053786,7.69715030905727,7.53303985600709,7.62559213865847,5.32277946467918
"SLC30A2",0.528570459205252,2.5807813401114,0.544658985773927,3.21363689614433,-1.09692228105569,0.205484780604168,4.19057348571879,3.62309453347212,3.25044904257845,3.1501692648274,2.84768334271784,3.17289159198184,1.07940239432623,0.82133218672916,1.04024890561254,3.14777455621856
"SLC40A1",6.85698890541706,7.06226030400702,7.13025881430381,9.7037576409484,6.62465834504397,6.58102261190878,9.85244126690706,9.75594025462618,9.77141879718973,9.82255631863353,9.72372803628265,9.71062541267675,6.9004559731039,6.96727181207778,6.89763459738931,9.76713513968491
"SLC44A4",7.073310480471,7.28505298364962,7.27305665243717,9.58921586592696,7.06771282913235,6.55630923585536,9.68341238130294,9.79454800529404,9.72340363761301,9.70695292442064,9.54964599890856,9.52068430483218,7.10152586980246,7.21952381523085,7.18334589956896,9.38923958125863
"SLC46A3",1.32305089099888,1.13988235370265,1.80453834966524,3.40313960986388,1.42939668598825,1.61266895717842,3.81793044280789,3.92354254666591,3.70749410418088,3.84298512701485,3.40393406155519,3.84168810702694,1.34580922404907,1.04611164062241,1.5834678649573,3.43826152543824
"SLC4A10",0.0480956814813595,-0.595796199894627,0.203726864576582,1.44661525515456,0.700652970638024,0.730821864403892,2.63628224041155,3.46543239431212,2.76235529460459,3.1419178376231,0.369184863839496,1.65887494731274,-0.402655140763378,-0.412381833381542,-2.57659053103893,1.55887430540431
"SLC6A20",-0.395759093457353,-2.57102922439175,-2.57167682953973,1.08322003266621,0.367811626240326,1.13586576451376,2.68473356054229,2.02852016999175,1.34424968527415,2.55961494326521,2.99723417234844,1.12153095305185,0.57600898818553,-2.57081844268086,0.313303361251457,2.68786424996775
"SMIM24",0.106370161718927,1.77547360849083,-0.567937927346689,2.52415486447815,-0.948536399526378,0.0643301693297494,2.76547899231702,2.84455460756785,3.08542122219502,2.78737523836435,3.23555856527368,3.27670771613263,1.80889782938956,0.65336935339229,-2.57659053103893,2.69632368699962
"SMPD3",3.83464332094427,3.73038473140738,4.5219123137331,6.95578567385936,5.2624935754823,5.39166481301953,7.41100211516755,7.89555707203762,7.87198756149646,7.66666546431707,7.33367081906006,7.08789296837384,3.54683029649352,4.04299158147224,4.99546727181194,7.00931083471229
"SNX32",-2.58207701602468,-0.176915099536274,-0.927614931640843,1.36825245695075,-2.58331902433437,-2.55153433680654,1.64938802190454,0.720137167607957,1.64409177210879,1.49316574290704,1.57572952157818,1.12416443170625,0.315253944752121,-2.57081844268086,-0.93368769504921,1.37737614333966
"SOSTDC1",-0.123330492366847,-0.869895271873987,-1.2071874268434,1.20456298653694,1.04413403350336,1.07426722205415,2.30763309154152,2.1566571774261,2.05728129372305,2.53528483618955,0.545107842528981,1.41690001526824,-2.56287786536816,-2.57081844268086,0.376257353008073,1.66371972254113
"SPDEF",0.876387888659353,0.565210998607654,-0.246672972674708,3.38394175118909,-0.250463533766215,0.26597961148568,3.59340451574106,4.15728230064847,4.22990655210624,4.32039539922324,2.90971970393157,3.1706799016288,0.899058321512422,0.599509437794952,1.47278157864252,3.11384918360168
"SPINK1",0.65933512795749,0.702730206796626,0.348606177767496,3.88504796884606,0.159959065085917,-0.427042517303091,4.17879463855556,3.83582755662954,3.42570891670483,3.66876610990459,3.75989165392036,3.18851517691275,1.70691399481407,1.34662157639025,-0.643895618208353,3.2526974159527
"SPINK5",-0.178545458600179,-0.921795697121685,-2.57167682953973,2.06872626130263,0.690180515080167,1.00497574610741,3.11589538647361,3.50663104440145,3.45828497311602,2.85549881194112,1.46768895757235,-0.27220458797342,-1.22671294226892,0.784479100746044,-0.812885219609406,1.93285224687748
"SPRR3",4.65692765390142,4.60281396639711,4.40170997850587,6.00768711542861,3.05619421232122,3.2696737065877,6.57956457513407,6.61465057070869,6.35891794261493,6.63530926031077,6.10030247441598,6.19268228868601,4.45667508464611,4.51336865898175,4.75601755535534,6.02811826834606
"STAT4",3.16275981662957,3.17595491315547,2.61490445036817,1.94403185505464,1.80153235495951,2.08185256995674,-0.704672426529277,0.711963344575272,-2.55328123269062,0.544162656297383,0.62464612089852,2.04418697527236,4.06213958913003,2.32067517593916,2.97839919697052,1.69884439320005
"SUSD3",1.32364690466546,2.83756027098247,1.5381396005075,-2.4023610290284,1.31706298352979,1.5698185146673,-0.790328468397451,-0.80076819267977,0.14961664302629,-2.51417813024926,0.959541495646509,-0.479022424659941,1.79580929988218,1.535802214153,1.52793705858628,-1.17487262104986
"SYCP3",-0.205677904581706,-1.41322612390767,-1.57782829842999,2.57631438062802,-0.997717421981187,0.319088037558635,1.5647881929542,2.10855431848132,2.53090897221962,2.35167410016105,0.350962705801268,0.610312483322067,-0.976110197220197,0.393913955270927,0.141486371358252,2.5694232332251
"SYT12",1.00787525244341,1.23499628668643,-0.0846208386083056,2.91478672198258,1.30864291739066,0.888386749777888,3.70613622710932,3.56253798247152,3.27879746080722,3.46501554180816,2.43406501191319,3.28715540390226,1.08384318959741,2.15794080442656,0.159772380773076,2.84465840131537
"SYTL5",1.48839382743927,1.66153477860739,1.11662278385915,4.8516842255568,1.66143292744995,1.14415029357275,6.00830988716884,5.91870617115063,6.09662395172935,6.03983963524426,4.65594054013043,4.87153300272162,1.81587457195152,1.32063320162124,1.65355973401544,4.74510242303644
"TAF4B",2.9620383252563,2.4097050652138,2.23893072830472,1.61446031942739,2.62578441885647,1.95759296811499,-0.700176328747458,-0.710647346164598,-0.707122026747389,-2.51417813024926,1.36986788257656,1.69804693197763,3.01829762219827,2.95272647790897,2.82721764140152,1.26438166273867
"TCN1",2.97795115468553,3.2336950977718,4.38979385261462,5.89564020047649,5.35655358497463,5.4003899541845,8.03505200208872,7.95011809943389,7.95052519840885,7.7706990660323,5.644149993666,6.40302823649777,3.52452076960461,4.19461391608531,2.81800900453901,5.99835127354998
"THBS1",6.94947827170978,7.59979674543181,6.69003347211547,6.07491970635925,6.22449706621917,6.35840215971398,3.36563549804032,3.90014760149335,4.7478341464925,2.15230533936623,5.63032237339793,6.32269999086881,6.75914895543931,6.67956487513267,7.16947308061948,6.51527537508574
"TINAGL1",9.01794880894066,8.93511496231445,9.0799284177223,6.96582065303217,9.21989737080534,9.29006806620143,6.64353478837808,6.71115082861616,6.73960679880903,6.81778264355005,7.09855817048702,6.94605909444576,9.01730447153938,8.98825253550751,9.05152336369969,7.01098970749563
"TM4SF4",-2.58207701602468,-2.57102922439175,-0.608817783764462,2.74653219364334,-2.58331902433437,-2.55153433680654,1.67758061916229,2.6276003256142,2.89686140429013,1.95538316311682,3.57302913235679,3.00347184640983,-2.56287786536816,-2.57081844268086,0.69561689379816,3.85904297471583
"TMEM150B",0.404416784252075,1.92462557553904,1.05547977004866,3.34115394774855,1.75997737107275,1.30194960683381,3.60928062153865,3.51808813865093,2.80808819601973,3.00138711612222,3.46292278479216,3.4959901093655,1.82761033543207,-0.0118404665922942,0.791135870967535,2.00687055766502
"TMEM232",-2.58207701602468,-0.059707350962835,-0.747096677292486,1.07419241398019,1.29228856680275,0.252533696449394,2.37110356338326,1.82079837730066,1.63424559088701,2.42281985598456,1.30843878683636,1.7588667797119,-1.72944846022542,0.462333078878731,1.33705928822568,2.07007739934923
"TMEM253",1.57555154011408,2.61698891394902,2.59669435016321,4.44814670000856,1.3055825518283,1.66041896762885,3.57320226680478,4.42815983535997,4.06187888123822,4.3302207388191,3.80620019407545,4.51068973876092,1.71142243372249,2.07525022777477,0.534469396020518,4.53238069653757
"TMEM255B",2.25206508078027,2.36104927480034,2.69443876391673,0.377317383613557,0.57772718085849,1.13802352540653,-0.959051777331196,-2.55800972065847,1.53772281223402,0.296678941859673,-0.105676417742821,0.381858993658879,1.8095546725671,1.93057279686531,2.44316454972199,-0.098533304166386
"TMEM27",2.14312052289539,2.65433207636005,3.12834919541364,1.46279599066757,0.524832739813613,1.65037378117789,-2.54883136179221,0.212731725569308,-2.55328123269062,-0.926492734841377,0.868674368290282,1.13729789950793,2.97620206427784,2.96071154444676,3.06613985756511,2.50335115825422
"TMEM37",3.80096049779485,3.80486812585016,2.256545634866,5.9460231596453,2.18211028702986,2.72287220302936,5.56980209516919,5.19648626269193,5.50113868808182,5.32738595594766,5.87387277759288,5.7632653826984,3.29394075918463,3.32626387544509,3.19238229333576,5.71363432942742
"TMEM45B",2.4513093625999,2.9898344663128,3.20241817380186,7.09325672054997,2.86097819550557,2.27371594600704,7.69967735728447,7.82087655823411,7.70282605012695,7.80629596990645,7.05830029482983,7.25717720421054,3.49175002874976,3.34678319088999,2.87357081416522,7.07105634238631
"TNNT2",-1.29268932393394,-2.57102922439175,0.97598244954876,0.602345351499783,0.755249976853873,-2.55153433680654,2.03993138413376,1.37440200075644,1.96593960421904,0.944073238617488,-0.0725622422756817,0.764774219733489,-0.936748417690962,-2.57081844268086,-2.57659053103893,2.13301242245645
"TNS4",7.35803891239744,7.74570334588558,7.49133822919954,5.20521316403406,7.38732386806078,7.54493366349638,5.58077267091514,5.21025235426911,5.01172197856515,4.2656299794137,5.78034955740116,5.44679762224975,7.35133257027286,7.4276993025685,7.46029618051639,5.40260791667527
"TREH",1.21473564953788,0.50925904743396,1.33691636310577,2.90104763716449,1.87219411021858,1.11591616632939,4.31244989994152,4.68459226195304,3.41753849690877,3.34270850512978,3.05639477210965,3.2895228878069,0.518725772526951,0.479035251011541,0.827649957746526,2.97154328558401
"TRIM2",-2.58038379559461,-2.57102922439175,1.47951059478555,2.18670531616307,-2.57837622157351,0.639902510065433,3.61496409208943,2.24317574811474,3.27333445895256,2.66091238120163,2.97699593925481,3.98924344043142,1.29661318994166,1.67123858540897,2.46945722704362,2.75430252753129
"TRPV6",2.17601002982993,2.28927673158971,0.739884251879833,2.30599892627594,0.961333472531176,2.3721691096327,-1.11574090030738,-2.55800972065847,-2.55328123269062,-2.51417813024926,0.898616168069384,1.86559094340173,2.05703772369697,1.70109129583832,3.11054974598976,-0.108489666548296
"TSPAN12",2.14925529012991,1.1791408275443,-0.251245290298725,3.01596581350528,2.05366121039602,1.58641300268213,4.31464242320788,4.6016596781423,4.98569268640787,4.60222647248822,2.79325735203639,2.30733842953846,2.20240912885267,0.385435599664519,0.37772571935573,3.3987236131423
"TSPAN8",3.09905309194496,3.37359803876211,2.75063708989892,6.6536964520113,4.00308349037251,3.4752199232228,7.53473395561525,7.6022160975514,7.43488157059405,7.55419787121614,6.76658196689912,6.723114035183,3.33785683090348,3.25613718712702,2.71679770403674,6.60545803016089
"TSPOAP1",2.33067125070204,0.384936607518095,2.49533988137704,4.50860485890853,1.86550159981677,2.73253878658942,4.57975321693357,4.22321357315279,3.37907553658109,4.23093044805804,4.16687170377808,4.87482773469929,2.33989915193751,-0.455284611978377,1.96781820767606,2.49802259738258
"TTLL6",-2.58207701602468,-1.24435427948056,-0.881922640874632,3.17860324122829,1.10594832904426,-2.55153433680654,1.96393893289655,3.19831976549554,1.14867623801747,1.51851721663514,2.59728609126897,2.49326499520379,1.14465405295834,0.52333253247663,-0.219581073291069,1.78726436300166
"UBE2S",5.76432808253199,5.53063833705609,5.40711041937148,3.64170476687355,5.80530470242884,5.60644775666099,3.74468278854943,3.68089313738489,2.85859779781973,3.58014165986151,3.73294234663144,3.29326406097896,5.35844912234197,5.51857794559045,5.29685500981785,3.74122143427211
"UGT1A10",-2.58207701602468,-2.57102922439175,-2.57167682953973,2.70460744868031,4.00851958196372,4.01332984199508,4.76062686106955,4.37327360713857,4.70715433644413,4.5758537049568,2.5923240248942,3.58230366623016,-2.56287786536816,0.386229342720022,-2.57659053103893,3.01099038978364
"UNC5B",4.79005921219918,4.66653833155736,4.97002496291347,6.50044878476011,5.76318144170294,5.99424910336691,7.63942303804032,7.63186795857444,7.61424041691067,7.65183705582464,6.67192768540506,6.5865517316666,4.84810370792736,4.63625895738667,4.58940995422994,6.49161881354168
"UNC5CL",0.0420826155635124,1.19518508365071,1.08616508856389,4.30762520849537,-1.21041173848001,2.0556656410714,3.94784254598568,4.17509264220904,3.48406848898272,3.65362750129693,3.01395080794963,3.61743441926786,2.6005800763059,2.02545801008509,-0.0608132913910579,3.47865005967203
"UPK2",8.7921354657347,8.7842085863973,8.65952437543531,6.1748135103298,7.18837745767512,7.2342794671704,4.94243915091694,5.11123062629596,5.26445108535544,5.23783032388267,5.71201855560031,6.03522098410005,8.64527535627424,8.81096623004233,8.71266506419782,5.81918337505766
"VIL1",7.76303652260027,7.63367000340556,7.47029466817915,9.30375832299397,6.63274510118014,6.60202013891769,9.54461448442309,9.50710640641701,9.63932404558396,9.54744656988177,9.2831277765379,9.27090636186156,7.6256538459042,7.6809451135804,7.89716205977738,9.34372520722056
"VRTN",2.87494841855522,1.9653364038861,1.96762292151482,3.70652381314775,1.02794748888948,-2.55153433680654,2.65666906153822,3.42807560336334,2.78950541152559,3.18357459127191,3.58717287430333,4.22125203457982,1.97537866258924,1.06962241517915,2.17080462941638,3.78944359298057
"VSTM2L",1.89772183394704,0.881674122929233,0.451301786991153,4.42448229527939,0.926262280689511,0.956404309524097,5.60225723656504,5.7922488034422,5.89250774101407,5.51662524449371,4.2413517122415,4.53374550011174,0.936767891453739,0.881590629555643,1.34954893312883,4.0286033456112
"WNT2B",1.77410159118833,0.364315855540412,0.0109324867240959,3.79520171490546,1.48696191537161,-1.10469846228465,2.98262770051863,2.69584222711742,2.59339053120411,2.7755217999412,2.52315518877686,2.79747711349478,0.0668471439324846,1.29466576649088,0.81039722428978,2.04958157935157
"WNT5B",1.18986094227044,-2.57102922439175,0.98125534906651,3.04304799296255,0.179571296474802,-0.319266357536606,3.70663922396028,3.98679000136763,3.17304023258644,4.11869410944146,2.88630613292174,2.41326087702556,0.390261504078019,0.979012036424673,1.90817071829078,3.18707421082623
"XG",1.72771228796615,2.516381362526,2.93095285951582,0.104354238234058,-0.0581642720591432,1.3793208393271,-1.39999289146563,-1.41015493684714,-2.55328123269062,0.022616875736963,-2.4027683638315,0.976130853840129,1.25806525099528,1.65213451827118,1.91819513829463,2.0937925814774
"ZDHHC11B",1.15125213814585,0.418553166146248,0.322186390072502,1.95097211975927,0.438998337274532,1.2500800164306,2.46054509566574,2.44782955169006,3.18465497586519,2.96495475064943,3.18553969602798,3.90098213811344,0.886691413687823,-0.0416890490204386,1.93976289084594,3.37149808968076
"ZNF711",-0.67606071704061,1.0145261626382,0.517112996068531,2.35519136772409,-1.05237476141407,1.58880013013845,3.2206246659927,2.86896839134844,2.66585641411963,2.91148942954079,2.62663502358396,2.45592142739934,0.165390694671719,-2.57081844268086,-0.331909721092617,2.63387143055235
